10.0.0.10,40000,10.0.0.100,443,tcp,FIN,0,0,0,0,0,0,0,https,0,0,0,0,0,0,0,0,0,0,0,0,0,0,0,0,0,0,0,0,0,0,0,0,0,0,0,0,0,0,0,0,0,Normal,0
10.0.0.10,40001,10.0.0.100,443,tcp,FIN,0,0,0,0,0,0,0,https,0,0,0,0,0,0,0,0,0,0,0,0,0,0,0,0,0,0,0,0,0,0,0,0,0,0,0,0,0,0,0,0,0,Normal,0
10.0.0.10,40002,10.0.0.100,443,tcp,FIN,0,0,0,0,0,0,0,https,0,0,0,0,0,0,0,0,0,0,0,0,0,0,0,0,0,0,0,0,0,0,0,0,0,0,0,0,0,0,0,0,0,Normal,0
10.0.0.10,40003,10.0.0.100,443,tcp,FIN,0,0,0,0,0,0,0,https,0,0,0,0,0,0,0,0,0,0,0,0,0,0,0,0,0,0,0,0,0,0,0,0,0,0,0,0,0,0,0,0,0,Normal,0
10.0.0.10,40004,10.0.0.100,443,tcp,FIN,0,0,0,0,0,0,0,https,0,0,0,0,0,0,0,0,0,0,0,0,0,0,0,0,0,0,0,0,0,0,0,0,0,0,0,0,0,0,0,0,0,Normal,0
10.0.0.10,40005,10.0.0.100,443,tcp,FIN,0,0,0,0,0,0,0,https,0,0,0,0,0,0,0,0,0,0,0,0,0,0,0,0,0,0,0,0,0,0,0,0,0,0,0,0,0,0,0,0,0,Normal,0
10.0.0.10,40006,10.0.0.100,443,tcp,FIN,0,0,0,0,0,0,0,https,0,0,0,0,0,0,0,0,0,0,0,0,0,0,0,0,0,0,0,0,0,0,0,0,0,0,0,0,0,0,0,0,0,Normal,0
10.0.0.10,40007,10.0.0.100,443,tcp,FIN,0,0,0,0,0,0,0,https,0,0,0,0,0,0,0,0,0,0,0,0,0,0,0,0,0,0,0,0,0,0,0,0,0,0,0,0,0,0,0,0,0,Normal,0
10.0.0.10,40008,10.0.0.100,443,tcp,FIN,0,0,0,0,0,0,0,https,0,0,0,0,0,0,0,0,0,0,0,0,0,0,0,0,0,0,0,0,0,0,0,0,0,0,0,0,0,0,0,0,0,Normal,0
10.0.0.10,40009,10.0.0.100,443,tcp,FIN,0,0,0,0,0,0,0,https,0,0,0,0,0,0,0,0,0,0,0,0,0,0,0,0,0,0,0,0,0,0,0,0,0,0,0,0,0,0,0,0,0,Normal,0
10.0.0.10,40010,10.0.0.100,443,tcp,FIN,0,0,0,0,0,0,0,https,0,0,0,0,0,0,0,0,0,0,0,0,0,0,0,0,0,0,0,0,0,0,0,0,0,0,0,0,0,0,0,0,0,Normal,0
10.0.0.10,40011,10.0.0.100,443,tcp,FIN,0,0,0,0,0,0,0,https,0,0,0,0,0,0,0,0,0,0,0,0,0,0,0,0,0,0,0,0,0,0,0,0,0,0,0,0,0,0,0,0,0,Normal,0
10.0.0.10,40012,10.0.0.100,443,tcp,FIN,0,0,0,0,0,0,0,https,0,0,0,0,0,0,0,0,0,0,0,0,0,0,0,0,0,0,0,0,0,0,0,0,0,0,0,0,0,0,0,0,0,Normal,0
10.0.0.10,40013,10.0.0.100,443,tcp,FIN,0,0,0,0,0,0,0,https,0,0,0,0,0,0,0,0,0,0,0,0,0,0,0,0,0,0,0,0,0,0,0,0,0,0,0,0,0,0,0,0,0,Normal,0
10.0.0.11,41000,10.0.0.101,3306,tcp,FIN,0,0,0,0,0,0,0,mysql,0,0,0,0,0,0,0,0,0,0,0,0,0,0,0,0,0,0,0,0,0,0,0,0,0,0,0,0,0,0,0,0,0,Normal,0
10.0.0.11,41001,10.0.0.102,3306,tcp,FIN,0,0,0,0,0,0,0,mysql,0,0,0,0,0,0,0,0,0,0,0,0,0,0,0,0,0,0,0,0,0,0,0,0,0,0,0,0,0,0,0,0,0,Normal,0
10.0.0.11,41002,10.0.0.103,3306,tcp,FIN,0,0,0,0,0,0,0,mysql,0,0,0,0,0,0,0,0,0,0,0,0,0,0,0,0,0,0,0,0,0,0,0,0,0,0,0,0,0,0,0,0,0,Normal,0
10.0.0.11,41003,10.0.0.101,3306,tcp,FIN,0,0,0,0,0,0,0,mysql,0,0,0,0,0,0,0,0,0,0,0,0,0,0,0,0,0,0,0,0,0,0,0,0,0,0,0,0,0,0,0,0,0,Normal,0
10.0.0.11,41004,10.0.0.102,3306,tcp,FIN,0,0,0,0,0,0,0,mysql,0,0,0,0,0,0,0,0,0,0,0,0,0,0,0,0,0,0,0,0,0,0,0,0,0,0,0,0,0,0,0,0,0,Normal,0
10.0.0.11,41005,10.0.0.103,3306,tcp,FIN,0,0,0,0,0,0,0,mysql,0,0,0,0,0,0,0,0,0,0,0,0,0,0,0,0,0,0,0,0,0,0,0,0,0,0,0,0,0,0,0,0,0,Normal,0
10.0.0.11,41006,10.0.0.101,3306,tcp,FIN,0,0,0,0,0,0,0,mysql,0,0,0,0,0,0,0,0,0,0,0,0,0,0,0,0,0,0,0,0,0,0,0,0,0,0,0,0,0,0,0,0,0,Normal,0
10.0.0.11,41007,10.0.0.102,3306,tcp,FIN,0,0,0,0,0,0,0,mysql,0,0,0,0,0,0,0,0,0,0,0,0,0,0,0,0,0,0,0,0,0,0,0,0,0,0,0,0,0,0,0,0,0,Normal,0
10.0.0.11,41008,10.0.0.103,3306,tcp,FIN,0,0,0,0,0,0,0,mysql,0,0,0,0,0,0,0,0,0,0,0,0,0,0,0,0,0,0,0,0,0,0,0,0,0,0,0,0,0,0,0,0,0,Normal,0
10.0.0.11,41009,10.0.0.101,3306,tcp,FIN,0,0,0,0,0,0,0,mysql,0,0,0,0,0,0,0,0,0,0,0,0,0,0,0,0,0,0,0,0,0,0,0,0,0,0,0,0,0,0,0,0,0,Normal,0
10.0.0.11,41010,10.0.0.102,3306,tcp,FIN,0,0,0,0,0,0,0,mysql,0,0,0,0,0,0,0,0,0,0,0,0,0,0,0,0,0,0,0,0,0,0,0,0,0,0,0,0,0,0,0,0,0,Normal,0
10.0.0.11,41011,10.0.0.103,3306,tcp,FIN,0,0,0,0,0,0,0,mysql,0,0,0,0,0,0,0,0,0,0,0,0,0,0,0,0,0,0,0,0,0,0,0,0,0,0,0,0,0,0,0,0,0,Normal,0
10.0.0.11,41012,10.0.0.101,3306,tcp,FIN,0,0,0,0,0,0,0,mysql,0,0,0,0,0,0,0,0,0,0,0,0,0,0,0,0,0,0,0,0,0,0,0,0,0,0,0,0,0,0,0,0,0,Normal,0
10.0.0.11,41013,10.0.0.102,3306,tcp,FIN,0,0,0,0,0,0,0,mysql,0,0,0,0,0,0,0,0,0,0,0,0,0,0,0,0,0,0,0,0,0,0,0,0,0,0,0,0,0,0,0,0,0,Normal,0
10.0.0.11,41014,10.0.0.103,3306,tcp,FIN,0,0,0,0,0,0,0,mysql,0,0,0,0,0,0,0,0,0,0,0,0,0,0,0,0,0,0,0,0,0,0,0,0,0,0,0,0,0,0,0,0,0,Normal,0
10.0.0.11,41015,10.0.0.101,3306,tcp,FIN,0,0,0,0,0,0,0,mysql,0,0,0,0,0,0,0,0,0,0,0,0,0,0,0,0,0,0,0,0,0,0,0,0,0,0,0,0,0,0,0,0,0,Normal,0
10.0.0.11,41016,10.0.0.102,3306,tcp,FIN,0,0,0,0,0,0,0,mysql,0,0,0,0,0,0,0,0,0,0,0,0,0,0,0,0,0,0,0,0,0,0,0,0,0,0,0,0,0,0,0,0,0,Normal,0
10.0.0.11,41017,10.0.0.103,3306,tcp,FIN,0,0,0,0,0,0,0,mysql,0,0,0,0,0,0,0,0,0,0,0,0,0,0,0,0,0,0,0,0,0,0,0,0,0,0,0,0,0,0,0,0,0,Normal,0
10.0.0.12,42000,10.0.0.106,53,tcp,FIN,0,0,0,0,0,0,0,dns,0,0,0,0,0,0,0,0,0,0,0,0,0,0,0,0,0,0,0,0,0,0,0,0,0,0,0,0,0,0,0,0,0,Normal,0
10.0.0.12,42001,10.0.0.105,443,tcp,FIN,0,0,0,0,0,0,0,https,0,0,0,0,0,0,0,0,0,0,0,0,0,0,0,0,0,0,0,0,0,0,0,0,0,0,0,0,0,0,0,0,0,Normal,0
10.0.0.12,42002,10.0.0.106,53,tcp,FIN,0,0,0,0,0,0,0,dns,0,0,0,0,0,0,0,0,0,0,0,0,0,0,0,0,0,0,0,0,0,0,0,0,0,0,0,0,0,0,0,0,0,Normal,0
10.0.0.12,42003,10.0.0.105,443,tcp,FIN,0,0,0,0,0,0,0,https,0,0,0,0,0,0,0,0,0,0,0,0,0,0,0,0,0,0,0,0,0,0,0,0,0,0,0,0,0,0,0,0,0,Normal,0
10.0.0.12,42004,10.0.0.106,53,tcp,FIN,0,0,0,0,0,0,0,dns,0,0,0,0,0,0,0,0,0,0,0,0,0,0,0,0,0,0,0,0,0,0,0,0,0,0,0,0,0,0,0,0,0,Normal,0
10.0.0.12,42005,10.0.0.105,443,tcp,FIN,0,0,0,0,0,0,0,https,0,0,0,0,0,0,0,0,0,0,0,0,0,0,0,0,0,0,0,0,0,0,0,0,0,0,0,0,0,0,0,0,0,Normal,0
10.0.0.12,42006,10.0.0.106,53,tcp,FIN,0,0,0,0,0,0,0,dns,0,0,0,0,0,0,0,0,0,0,0,0,0,0,0,0,0,0,0,0,0,0,0,0,0,0,0,0,0,0,0,0,0,Normal,0
10.0.0.12,42007,10.0.0.105,443,tcp,FIN,0,0,0,0,0,0,0,https,0,0,0,0,0,0,0,0,0,0,0,0,0,0,0,0,0,0,0,0,0,0,0,0,0,0,0,0,0,0,0,0,0,Normal,0
10.0.0.12,42008,10.0.0.106,53,tcp,FIN,0,0,0,0,0,0,0,dns,0,0,0,0,0,0,0,0,0,0,0,0,0,0,0,0,0,0,0,0,0,0,0,0,0,0,0,0,0,0,0,0,0,Normal,0
10.0.0.12,42009,10.0.0.105,443,tcp,FIN,0,0,0,0,0,0,0,https,0,0,0,0,0,0,0,0,0,0,0,0,0,0,0,0,0,0,0,0,0,0,0,0,0,0,0,0,0,0,0,0,0,Normal,0
10.0.0.12,42010,10.0.0.106,53,tcp,FIN,0,0,0,0,0,0,0,dns,0,0,0,0,0,0,0,0,0,0,0,0,0,0,0,0,0,0,0,0,0,0,0,0,0,0,0,0,0,0,0,0,0,Normal,0
10.0.0.12,42011,10.0.0.105,443,tcp,FIN,0,0,0,0,0,0,0,https,0,0,0,0,0,0,0,0,0,0,0,0,0,0,0,0,0,0,0,0,0,0,0,0,0,0,0,0,0,0,0,0,0,Normal,0
10.0.0.20,43000,10.5.0.0,1000,tcp,INT,0,0,0,0,0,0,0,-,0,0,0,0,0,0,0,0,0,0,0,0,0,0,0,0,0,0,0,0,0,0,0,0,0,0,0,0,0,0,0,0,0,Normal,0
10.0.0.20,43001,10.5.0.1,1001,tcp,INT,0,0,0,0,0,0,0,-,0,0,0,0,0,0,0,0,0,0,0,0,0,0,0,0,0,0,0,0,0,0,0,0,0,0,0,0,0,0,0,0,0,Normal,0
10.0.0.20,43002,10.5.0.2,1002,tcp,INT,0,0,0,0,0,0,0,-,0,0,0,0,0,0,0,0,0,0,0,0,0,0,0,0,0,0,0,0,0,0,0,0,0,0,0,0,0,0,0,0,0,Normal,0
10.0.0.20,43003,10.5.0.3,1003,tcp,INT,0,0,0,0,0,0,0,-,0,0,0,0,0,0,0,0,0,0,0,0,0,0,0,0,0,0,0,0,0,0,0,0,0,0,0,0,0,0,0,0,0,Normal,0
10.0.0.20,43004,10.5.0.4,1004,tcp,INT,0,0,0,0,0,0,0,-,0,0,0,0,0,0,0,0,0,0,0,0,0,0,0,0,0,0,0,0,0,0,0,0,0,0,0,0,0,0,0,0,0,Normal,0
10.0.0.20,43005,10.5.0.5,1005,tcp,INT,0,0,0,0,0,0,0,-,0,0,0,0,0,0,0,0,0,0,0,0,0,0,0,0,0,0,0,0,0,0,0,0,0,0,0,0,0,0,0,0,0,Normal,0
10.0.0.20,43006,10.5.0.6,1006,tcp,INT,0,0,0,0,0,0,0,-,0,0,0,0,0,0,0,0,0,0,0,0,0,0,0,0,0,0,0,0,0,0,0,0,0,0,0,0,0,0,0,0,0,Normal,0
10.0.0.20,43007,10.5.0.7,1007,tcp,INT,0,0,0,0,0,0,0,-,0,0,0,0,0,0,0,0,0,0,0,0,0,0,0,0,0,0,0,0,0,0,0,0,0,0,0,0,0,0,0,0,0,Normal,0
10.0.0.50,50000,10.1.0.0,80,tcp,INT,0,0,0,0,0,0,0,-,0,0,0,0,0,0,0,0,0,0,0,0,0,0,0,0,0,0,0,0,0,0,0,0,0,0,0,0,0,0,0,0,0,Reconnaissance,1
10.0.0.50,50001,10.1.0.1,80,tcp,INT,0,0,0,0,0,0,0,-,0,0,0,0,0,0,0,0,0,0,0,0,0,0,0,0,0,0,0,0,0,0,0,0,0,0,0,0,0,0,0,0,0,Reconnaissance,1
10.0.0.50,50002,10.1.0.2,80,tcp,INT,0,0,0,0,0,0,0,-,0,0,0,0,0,0,0,0,0,0,0,0,0,0,0,0,0,0,0,0,0,0,0,0,0,0,0,0,0,0,0,0,0,Reconnaissance,1
10.0.0.50,50003,10.1.0.3,80,tcp,INT,0,0,0,0,0,0,0,-,0,0,0,0,0,0,0,0,0,0,0,0,0,0,0,0,0,0,0,0,0,0,0,0,0,0,0,0,0,0,0,0,0,Reconnaissance,1
10.0.0.50,50004,10.1.0.4,80,tcp,INT,0,0,0,0,0,0,0,-,0,0,0,0,0,0,0,0,0,0,0,0,0,0,0,0,0,0,0,0,0,0,0,0,0,0,0,0,0,0,0,0,0,Reconnaissance,1
10.0.0.50,50005,10.1.0.5,80,tcp,INT,0,0,0,0,0,0,0,-,0,0,0,0,0,0,0,0,0,0,0,0,0,0,0,0,0,0,0,0,0,0,0,0,0,0,0,0,0,0,0,0,0,Reconnaissance,1
10.0.0.50,50006,10.1.0.6,80,tcp,INT,0,0,0,0,0,0,0,-,0,0,0,0,0,0,0,0,0,0,0,0,0,0,0,0,0,0,0,0,0,0,0,0,0,0,0,0,0,0,0,0,0,Reconnaissance,1
10.0.0.50,50007,10.1.0.7,80,tcp,INT,0,0,0,0,0,0,0,-,0,0,0,0,0,0,0,0,0,0,0,0,0,0,0,0,0,0,0,0,0,0,0,0,0,0,0,0,0,0,0,0,0,Reconnaissance,1
10.0.0.50,50008,10.1.0.8,80,tcp,INT,0,0,0,0,0,0,0,-,0,0,0,0,0,0,0,0,0,0,0,0,0,0,0,0,0,0,0,0,0,0,0,0,0,0,0,0,0,0,0,0,0,Reconnaissance,1
10.0.0.50,50009,10.1.0.9,80,tcp,INT,0,0,0,0,0,0,0,-,0,0,0,0,0,0,0,0,0,0,0,0,0,0,0,0,0,0,0,0,0,0,0,0,0,0,0,0,0,0,0,0,0,Reconnaissance,1
10.0.0.50,50010,10.1.0.10,80,tcp,INT,0,0,0,0,0,0,0,-,0,0,0,0,0,0,0,0,0,0,0,0,0,0,0,0,0,0,0,0,0,0,0,0,0,0,0,0,0,0,0,0,0,Reconnaissance,1
10.0.0.50,50011,10.1.0.11,80,tcp,INT,0,0,0,0,0,0,0,-,0,0,0,0,0,0,0,0,0,0,0,0,0,0,0,0,0,0,0,0,0,0,0,0,0,0,0,0,0,0,0,0,0,Reconnaissance,1
10.0.0.50,50012,10.1.0.12,80,tcp,INT,0,0,0,0,0,0,0,-,0,0,0,0,0,0,0,0,0,0,0,0,0,0,0,0,0,0,0,0,0,0,0,0,0,0,0,0,0,0,0,0,0,Reconnaissance,1
10.0.0.50,50013,10.1.0.13,80,tcp,INT,0,0,0,0,0,0,0,-,0,0,0,0,0,0,0,0,0,0,0,0,0,0,0,0,0,0,0,0,0,0,0,0,0,0,0,0,0,0,0,0,0,Reconnaissance,1
10.0.0.50,50014,10.1.0.14,80,tcp,INT,0,0,0,0,0,0,0,-,0,0,0,0,0,0,0,0,0,0,0,0,0,0,0,0,0,0,0,0,0,0,0,0,0,0,0,0,0,0,0,0,0,Reconnaissance,1
10.0.0.50,50015,10.1.0.15,80,tcp,INT,0,0,0,0,0,0,0,-,0,0,0,0,0,0,0,0,0,0,0,0,0,0,0,0,0,0,0,0,0,0,0,0,0,0,0,0,0,0,0,0,0,Reconnaissance,1
10.0.0.50,50016,10.1.0.16,80,tcp,INT,0,0,0,0,0,0,0,-,0,0,0,0,0,0,0,0,0,0,0,0,0,0,0,0,0,0,0,0,0,0,0,0,0,0,0,0,0,0,0,0,0,Reconnaissance,1
10.0.0.50,50017,10.1.0.17,80,tcp,INT,0,0,0,0,0,0,0,-,0,0,0,0,0,0,0,0,0,0,0,0,0,0,0,0,0,0,0,0,0,0,0,0,0,0,0,0,0,0,0,0,0,Reconnaissance,1
10.0.0.50,50018,10.1.0.18,80,tcp,INT,0,0,0,0,0,0,0,-,0,0,0,0,0,0,0,0,0,0,0,0,0,0,0,0,0,0,0,0,0,0,0,0,0,0,0,0,0,0,0,0,0,Reconnaissance,1
10.0.0.50,50019,10.1.0.19,80,tcp,INT,0,0,0,0,0,0,0,-,0,0,0,0,0,0,0,0,0,0,0,0,0,0,0,0,0,0,0,0,0,0,0,0,0,0,0,0,0,0,0,0,0,Reconnaissance,1
10.0.0.50,50020,10.1.0.20,80,tcp,INT,0,0,0,0,0,0,0,-,0,0,0,0,0,0,0,0,0,0,0,0,0,0,0,0,0,0,0,0,0,0,0,0,0,0,0,0,0,0,0,0,0,Reconnaissance,1
10.0.0.50,50021,10.1.0.21,80,tcp,INT,0,0,0,0,0,0,0,-,0,0,0,0,0,0,0,0,0,0,0,0,0,0,0,0,0,0,0,0,0,0,0,0,0,0,0,0,0,0,0,0,0,Reconnaissance,1
10.0.0.50,50022,10.1.0.22,80,tcp,INT,0,0,0,0,0,0,0,-,0,0,0,0,0,0,0,0,0,0,0,0,0,0,0,0,0,0,0,0,0,0,0,0,0,0,0,0,0,0,0,0,0,Reconnaissance,1
10.0.0.50,50023,10.1.0.23,80,tcp,INT,0,0,0,0,0,0,0,-,0,0,0,0,0,0,0,0,0,0,0,0,0,0,0,0,0,0,0,0,0,0,0,0,0,0,0,0,0,0,0,0,0,Reconnaissance,1
10.0.0.50,50024,10.1.0.24,80,tcp,INT,0,0,0,0,0,0,0,-,0,0,0,0,0,0,0,0,0,0,0,0,0,0,0,0,0,0,0,0,0,0,0,0,0,0,0,0,0,0,0,0,0,Reconnaissance,1
10.0.0.50,50025,10.1.0.25,80,tcp,INT,0,0,0,0,0,0,0,-,0,0,0,0,0,0,0,0,0,0,0,0,0,0,0,0,0,0,0,0,0,0,0,0,0,0,0,0,0,0,0,0,0,Reconnaissance,1
10.0.0.50,50026,10.1.0.26,80,tcp,INT,0,0,0,0,0,0,0,-,0,0,0,0,0,0,0,0,0,0,0,0,0,0,0,0,0,0,0,0,0,0,0,0,0,0,0,0,0,0,0,0,0,Reconnaissance,1
10.0.0.50,50027,10.1.0.27,80,tcp,INT,0,0,0,0,0,0,0,-,0,0,0,0,0,0,0,0,0,0,0,0,0,0,0,0,0,0,0,0,0,0,0,0,0,0,0,0,0,0,0,0,0,Reconnaissance,1
10.0.0.50,50028,10.1.0.28,80,tcp,INT,0,0,0,0,0,0,0,-,0,0,0,0,0,0,0,0,0,0,0,0,0,0,0,0,0,0,0,0,0,0,0,0,0,0,0,0,0,0,0,0,0,Reconnaissance,1
10.0.0.50,50029,10.1.0.29,80,tcp,INT,0,0,0,0,0,0,0,-,0,0,0,0,0,0,0,0,0,0,0,0,0,0,0,0,0,0,0,0,0,0,0,0,0,0,0,0,0,0,0,0,0,Reconnaissance,1
10.0.0.50,50030,10.1.0.30,80,tcp,INT,0,0,0,0,0,0,0,-,0,0,0,0,0,0,0,0,0,0,0,0,0,0,0,0,0,0,0,0,0,0,0,0,0,0,0,0,0,0,0,0,0,Reconnaissance,1
10.0.0.50,50031,10.1.0.31,80,tcp,INT,0,0,0,0,0,0,0,-,0,0,0,0,0,0,0,0,0,0,0,0,0,0,0,0,0,0,0,0,0,0,0,0,0,0,0,0,0,0,0,0,0,Reconnaissance,1
10.0.0.50,50032,10.1.0.32,80,tcp,INT,0,0,0,0,0,0,0,-,0,0,0,0,0,0,0,0,0,0,0,0,0,0,0,0,0,0,0,0,0,0,0,0,0,0,0,0,0,0,0,0,0,Reconnaissance,1
10.0.0.50,50033,10.1.0.33,80,tcp,INT,0,0,0,0,0,0,0,-,0,0,0,0,0,0,0,0,0,0,0,0,0,0,0,0,0,0,0,0,0,0,0,0,0,0,0,0,0,0,0,0,0,Reconnaissance,1
10.0.0.50,50034,10.1.0.34,80,tcp,INT,0,0,0,0,0,0,0,-,0,0,0,0,0,0,0,0,0,0,0,0,0,0,0,0,0,0,0,0,0,0,0,0,0,0,0,0,0,0,0,0,0,Reconnaissance,1
10.0.0.50,50035,10.1.0.35,80,tcp,INT,0,0,0,0,0,0,0,-,0,0,0,0,0,0,0,0,0,0,0,0,0,0,0,0,0,0,0,0,0,0,0,0,0,0,0,0,0,0,0,0,0,Reconnaissance,1
10.0.0.50,50036,10.1.0.36,80,tcp,INT,0,0,0,0,0,0,0,-,0,0,0,0,0,0,0,0,0,0,0,0,0,0,0,0,0,0,0,0,0,0,0,0,0,0,0,0,0,0,0,0,0,Reconnaissance,1
10.0.0.50,50037,10.1.0.37,80,tcp,INT,0,0,0,0,0,0,0,-,0,0,0,0,0,0,0,0,0,0,0,0,0,0,0,0,0,0,0,0,0,0,0,0,0,0,0,0,0,0,0,0,0,Reconnaissance,1
10.0.0.50,50038,10.1.0.38,80,tcp,INT,0,0,0,0,0,0,0,-,0,0,0,0,0,0,0,0,0,0,0,0,0,0,0,0,0,0,0,0,0,0,0,0,0,0,0,0,0,0,0,0,0,Reconnaissance,1
10.0.0.50,50039,10.1.0.39,80,tcp,INT,0,0,0,0,0,0,0,-,0,0,0,0,0,0,0,0,0,0,0,0,0,0,0,0,0,0,0,0,0,0,0,0,0,0,0,0,0,0,0,0,0,Reconnaissance,1
10.0.0.51,51000,10.2.0.5,1000,tcp,REQ,0,0,0,0,0,0,0,-,0,0,0,0,0,0,0,0,0,0,0,0,0,0,0,0,0,0,0,0,0,0,0,0,0,0,0,0,0,0,0,0,0,Reconnaissance,1
10.0.0.51,51001,10.2.0.5,1001,tcp,REQ,0,0,0,0,0,0,0,-,0,0,0,0,0,0,0,0,0,0,0,0,0,0,0,0,0,0,0,0,0,0,0,0,0,0,0,0,0,0,0,0,0,Reconnaissance,1
10.0.0.51,51002,10.2.0.5,1002,tcp,REQ,0,0,0,0,0,0,0,-,0,0,0,0,0,0,0,0,0,0,0,0,0,0,0,0,0,0,0,0,0,0,0,0,0,0,0,0,0,0,0,0,0,Reconnaissance,1
10.0.0.51,51003,10.2.0.5,1003,tcp,REQ,0,0,0,0,0,0,0,-,0,0,0,0,0,0,0,0,0,0,0,0,0,0,0,0,0,0,0,0,0,0,0,0,0,0,0,0,0,0,0,0,0,Reconnaissance,1
10.0.0.51,51004,10.2.0.5,1004,tcp,REQ,0,0,0,0,0,0,0,-,0,0,0,0,0,0,0,0,0,0,0,0,0,0,0,0,0,0,0,0,0,0,0,0,0,0,0,0,0,0,0,0,0,Reconnaissance,1
10.0.0.51,51005,10.2.0.5,1005,tcp,REQ,0,0,0,0,0,0,0,-,0,0,0,0,0,0,0,0,0,0,0,0,0,0,0,0,0,0,0,0,0,0,0,0,0,0,0,0,0,0,0,0,0,Reconnaissance,1
10.0.0.51,51006,10.2.0.5,1006,tcp,REQ,0,0,0,0,0,0,0,-,0,0,0,0,0,0,0,0,0,0,0,0,0,0,0,0,0,0,0,0,0,0,0,0,0,0,0,0,0,0,0,0,0,Reconnaissance,1
10.0.0.51,51007,10.2.0.5,1007,tcp,REQ,0,0,0,0,0,0,0,-,0,0,0,0,0,0,0,0,0,0,0,0,0,0,0,0,0,0,0,0,0,0,0,0,0,0,0,0,0,0,0,0,0,Reconnaissance,1
10.0.0.51,51008,10.2.0.5,1008,tcp,REQ,0,0,0,0,0,0,0,-,0,0,0,0,0,0,0,0,0,0,0,0,0,0,0,0,0,0,0,0,0,0,0,0,0,0,0,0,0,0,0,0,0,Reconnaissance,1
10.0.0.51,51009,10.2.0.5,1009,tcp,REQ,0,0,0,0,0,0,0,-,0,0,0,0,0,0,0,0,0,0,0,0,0,0,0,0,0,0,0,0,0,0,0,0,0,0,0,0,0,0,0,0,0,Reconnaissance,1
10.0.0.51,51010,10.2.0.5,1010,tcp,REQ,0,0,0,0,0,0,0,-,0,0,0,0,0,0,0,0,0,0,0,0,0,0,0,0,0,0,0,0,0,0,0,0,0,0,0,0,0,0,0,0,0,Reconnaissance,1
10.0.0.51,51011,10.2.0.5,1011,tcp,REQ,0,0,0,0,0,0,0,-,0,0,0,0,0,0,0,0,0,0,0,0,0,0,0,0,0,0,0,0,0,0,0,0,0,0,0,0,0,0,0,0,0,Reconnaissance,1
10.0.0.51,51012,10.2.0.5,1012,tcp,REQ,0,0,0,0,0,0,0,-,0,0,0,0,0,0,0,0,0,0,0,0,0,0,0,0,0,0,0,0,0,0,0,0,0,0,0,0,0,0,0,0,0,Reconnaissance,1
10.0.0.51,51013,10.2.0.5,1013,tcp,REQ,0,0,0,0,0,0,0,-,0,0,0,0,0,0,0,0,0,0,0,0,0,0,0,0,0,0,0,0,0,0,0,0,0,0,0,0,0,0,0,0,0,Reconnaissance,1
10.0.0.51,51014,10.2.0.5,1014,tcp,REQ,0,0,0,0,0,0,0,-,0,0,0,0,0,0,0,0,0,0,0,0,0,0,0,0,0,0,0,0,0,0,0,0,0,0,0,0,0,0,0,0,0,Reconnaissance,1
10.0.0.51,51015,10.2.0.5,1015,tcp,REQ,0,0,0,0,0,0,0,-,0,0,0,0,0,0,0,0,0,0,0,0,0,0,0,0,0,0,0,0,0,0,0,0,0,0,0,0,0,0,0,0,0,Reconnaissance,1
10.0.0.51,51016,10.2.0.5,1016,tcp,REQ,0,0,0,0,0,0,0,-,0,0,0,0,0,0,0,0,0,0,0,0,0,0,0,0,0,0,0,0,0,0,0,0,0,0,0,0,0,0,0,0,0,Reconnaissance,1
10.0.0.51,51017,10.2.0.5,1017,tcp,REQ,0,0,0,0,0,0,0,-,0,0,0,0,0,0,0,0,0,0,0,0,0,0,0,0,0,0,0,0,0,0,0,0,0,0,0,0,0,0,0,0,0,Reconnaissance,1
10.0.0.51,51018,10.2.0.5,1018,tcp,REQ,0,0,0,0,0,0,0,-,0,0,0,0,0,0,0,0,0,0,0,0,0,0,0,0,0,0,0,0,0,0,0,0,0,0,0,0,0,0,0,0,0,Reconnaissance,1
10.0.0.51,51019,10.2.0.5,1019,tcp,REQ,0,0,0,0,0,0,0,-,0,0,0,0,0,0,0,0,0,0,0,0,0,0,0,0,0,0,0,0,0,0,0,0,0,0,0,0,0,0,0,0,0,Reconnaissance,1
10.0.0.51,51020,10.2.0.5,1020,tcp,REQ,0,0,0,0,0,0,0,-,0,0,0,0,0,0,0,0,0,0,0,0,0,0,0,0,0,0,0,0,0,0,0,0,0,0,0,0,0,0,0,0,0,Reconnaissance,1
10.0.0.51,51021,10.2.0.5,1021,tcp,REQ,0,0,0,0,0,0,0,-,0,0,0,0,0,0,0,0,0,0,0,0,0,0,0,0,0,0,0,0,0,0,0,0,0,0,0,0,0,0,0,0,0,Reconnaissance,1
10.0.0.51,51022,10.2.0.5,1022,tcp,REQ,0,0,0,0,0,0,0,-,0,0,0,0,0,0,0,0,0,0,0,0,0,0,0,0,0,0,0,0,0,0,0,0,0,0,0,0,0,0,0,0,0,Reconnaissance,1
10.0.0.51,51023,10.2.0.5,1023,tcp,REQ,0,0,0,0,0,0,0,-,0,0,0,0,0,0,0,0,0,0,0,0,0,0,0,0,0,0,0,0,0,0,0,0,0,0,0,0,0,0,0,0,0,Reconnaissance,1
10.0.0.51,51024,10.2.0.5,1024,tcp,REQ,0,0,0,0,0,0,0,-,0,0,0,0,0,0,0,0,0,0,0,0,0,0,0,0,0,0,0,0,0,0,0,0,0,0,0,0,0,0,0,0,0,Reconnaissance,1
10.0.0.51,51025,10.2.0.5,1025,tcp,REQ,0,0,0,0,0,0,0,-,0,0,0,0,0,0,0,0,0,0,0,0,0,0,0,0,0,0,0,0,0,0,0,0,0,0,0,0,0,0,0,0,0,Reconnaissance,1
10.0.0.51,51026,10.2.0.5,1026,tcp,REQ,0,0,0,0,0,0,0,-,0,0,0,0,0,0,0,0,0,0,0,0,0,0,0,0,0,0,0,0,0,0,0,0,0,0,0,0,0,0,0,0,0,Reconnaissance,1
10.0.0.51,51027,10.2.0.5,1027,tcp,REQ,0,0,0,0,0,0,0,-,0,0,0,0,0,0,0,0,0,0,0,0,0,0,0,0,0,0,0,0,0,0,0,0,0,0,0,0,0,0,0,0,0,Reconnaissance,1
10.0.0.51,51028,10.2.0.5,1028,tcp,REQ,0,0,0,0,0,0,0,-,0,0,0,0,0,0,0,0,0,0,0,0,0,0,0,0,0,0,0,0,0,0,0,0,0,0,0,0,0,0,0,0,0,Reconnaissance,1
10.0.0.51,51029,10.2.0.5,1029,tcp,REQ,0,0,0,0,0,0,0,-,0,0,0,0,0,0,0,0,0,0,0,0,0,0,0,0,0,0,0,0,0,0,0,0,0,0,0,0,0,0,0,0,0,Reconnaissance,1
10.0.0.51,51030,10.2.0.5,1030,tcp,REQ,0,0,0,0,0,0,0,-,0,0,0,0,0,0,0,0,0,0,0,0,0,0,0,0,0,0,0,0,0,0,0,0,0,0,0,0,0,0,0,0,0,Reconnaissance,1
10.0.0.51,51031,10.2.0.5,1031,tcp,REQ,0,0,0,0,0,0,0,-,0,0,0,0,0,0,0,0,0,0,0,0,0,0,0,0,0,0,0,0,0,0,0,0,0,0,0,0,0,0,0,0,0,Reconnaissance,1
10.0.0.51,51032,10.2.0.5,1032,tcp,REQ,0,0,0,0,0,0,0,-,0,0,0,0,0,0,0,0,0,0,0,0,0,0,0,0,0,0,0,0,0,0,0,0,0,0,0,0,0,0,0,0,0,Reconnaissance,1
10.0.0.51,51033,10.2.0.5,1033,tcp,REQ,0,0,0,0,0,0,0,-,0,0,0,0,0,0,0,0,0,0,0,0,0,0,0,0,0,0,0,0,0,0,0,0,0,0,0,0,0,0,0,0,0,Reconnaissance,1
10.0.0.51,51034,10.2.0.5,1034,tcp,REQ,0,0,0,0,0,0,0,-,0,0,0,0,0,0,0,0,0,0,0,0,0,0,0,0,0,0,0,0,0,0,0,0,0,0,0,0,0,0,0,0,0,Reconnaissance,1
10.0.0.51,51035,10.2.0.5,1035,tcp,REQ,0,0,0,0,0,0,0,-,0,0,0,0,0,0,0,0,0,0,0,0,0,0,0,0,0,0,0,0,0,0,0,0,0,0,0,0,0,0,0,0,0,Reconnaissance,1
10.0.0.51,51036,10.2.0.5,1036,tcp,REQ,0,0,0,0,0,0,0,-,0,0,0,0,0,0,0,0,0,0,0,0,0,0,0,0,0,0,0,0,0,0,0,0,0,0,0,0,0,0,0,0,0,Reconnaissance,1
10.0.0.51,51037,10.2.0.5,1037,tcp,REQ,0,0,0,0,0,0,0,-,0,0,0,0,0,0,0,0,0,0,0,0,0,0,0,0,0,0,0,0,0,0,0,0,0,0,0,0,0,0,0,0,0,Reconnaissance,1
10.0.0.51,51038,10.2.0.5,1038,tcp,REQ,0,0,0,0,0,0,0,-,0,0,0,0,0,0,0,0,0,0,0,0,0,0,0,0,0,0,0,0,0,0,0,0,0,0,0,0,0,0,0,0,0,Reconnaissance,1
10.0.0.51,51039,10.2.0.5,1039,tcp,REQ,0,0,0,0,0,0,0,-,0,0,0,0,0,0,0,0,0,0,0,0,0,0,0,0,0,0,0,0,0,0,0,0,0,0,0,0,0,0,0,0,0,Reconnaissance,1
10.0.0.52,52000,10.3.0.0,2000,tcp,INT,0,0,0,0,0,0,0,-,0,0,0,0,0,0,0,0,0,0,0,0,0,0,0,0,0,0,0,0,0,0,0,0,0,0,0,0,0,0,0,0,0,Analysis,1
10.0.0.52,52001,10.3.0.0,2001,tcp,INT,0,0,0,0,0,0,0,-,0,0,0,0,0,0,0,0,0,0,0,0,0,0,0,0,0,0,0,0,0,0,0,0,0,0,0,0,0,0,0,0,0,Analysis,1
10.0.0.52,52002,10.3.0.0,2002,tcp,INT,0,0,0,0,0,0,0,-,0,0,0,0,0,0,0,0,0,0,0,0,0,0,0,0,0,0,0,0,0,0,0,0,0,0,0,0,0,0,0,0,0,Analysis,1
10.0.0.52,52003,10.3.0.0,2003,tcp,INT,0,0,0,0,0,0,0,-,0,0,0,0,0,0,0,0,0,0,0,0,0,0,0,0,0,0,0,0,0,0,0,0,0,0,0,0,0,0,0,0,0,Analysis,1
10.0.0.52,52004,10.3.0.0,2004,tcp,INT,0,0,0,0,0,0,0,-,0,0,0,0,0,0,0,0,0,0,0,0,0,0,0,0,0,0,0,0,0,0,0,0,0,0,0,0,0,0,0,0,0,Analysis,1
10.0.0.52,52005,10.3.0.0,2005,tcp,INT,0,0,0,0,0,0,0,-,0,0,0,0,0,0,0,0,0,0,0,0,0,0,0,0,0,0,0,0,0,0,0,0,0,0,0,0,0,0,0,0,0,Analysis,1
10.0.0.52,52006,10.3.0.0,2006,tcp,INT,0,0,0,0,0,0,0,-,0,0,0,0,0,0,0,0,0,0,0,0,0,0,0,0,0,0,0,0,0,0,0,0,0,0,0,0,0,0,0,0,0,Analysis,1
10.0.0.52,52007,10.3.0.0,2007,tcp,INT,0,0,0,0,0,0,0,-,0,0,0,0,0,0,0,0,0,0,0,0,0,0,0,0,0,0,0,0,0,0,0,0,0,0,0,0,0,0,0,0,0,Analysis,1
10.0.0.52,52008,10.3.0.0,2008,tcp,INT,0,0,0,0,0,0,0,-,0,0,0,0,0,0,0,0,0,0,0,0,0,0,0,0,0,0,0,0,0,0,0,0,0,0,0,0,0,0,0,0,0,Analysis,1
10.0.0.52,52009,10.3.0.0,2009,tcp,INT,0,0,0,0,0,0,0,-,0,0,0,0,0,0,0,0,0,0,0,0,0,0,0,0,0,0,0,0,0,0,0,0,0,0,0,0,0,0,0,0,0,Analysis,1
10.0.0.52,52010,10.3.0.0,2010,tcp,INT,0,0,0,0,0,0,0,-,0,0,0,0,0,0,0,0,0,0,0,0,0,0,0,0,0,0,0,0,0,0,0,0,0,0,0,0,0,0,0,0,0,Analysis,1
10.0.0.52,52011,10.3.0.0,2011,tcp,INT,0,0,0,0,0,0,0,-,0,0,0,0,0,0,0,0,0,0,0,0,0,0,0,0,0,0,0,0,0,0,0,0,0,0,0,0,0,0,0,0,0,Analysis,1
10.0.0.52,52012,10.3.0.0,2012,tcp,INT,0,0,0,0,0,0,0,-,0,0,0,0,0,0,0,0,0,0,0,0,0,0,0,0,0,0,0,0,0,0,0,0,0,0,0,0,0,0,0,0,0,Analysis,1
10.0.0.52,52013,10.3.0.0,2013,tcp,INT,0,0,0,0,0,0,0,-,0,0,0,0,0,0,0,0,0,0,0,0,0,0,0,0,0,0,0,0,0,0,0,0,0,0,0,0,0,0,0,0,0,Analysis,1
10.0.0.52,52014,10.3.0.0,2014,tcp,INT,0,0,0,0,0,0,0,-,0,0,0,0,0,0,0,0,0,0,0,0,0,0,0,0,0,0,0,0,0,0,0,0,0,0,0,0,0,0,0,0,0,Analysis,1
10.0.0.52,52015,10.3.0.0,2015,tcp,INT,0,0,0,0,0,0,0,-,0,0,0,0,0,0,0,0,0,0,0,0,0,0,0,0,0,0,0,0,0,0,0,0,0,0,0,0,0,0,0,0,0,Analysis,1
10.0.0.52,52016,10.3.0.0,2016,tcp,INT,0,0,0,0,0,0,0,-,0,0,0,0,0,0,0,0,0,0,0,0,0,0,0,0,0,0,0,0,0,0,0,0,0,0,0,0,0,0,0,0,0,Analysis,1
10.0.0.52,52017,10.3.0.0,2017,tcp,INT,0,0,0,0,0,0,0,-,0,0,0,0,0,0,0,0,0,0,0,0,0,0,0,0,0,0,0,0,0,0,0,0,0,0,0,0,0,0,0,0,0,Analysis,1
10.0.0.52,52018,10.3.0.0,2018,tcp,INT,0,0,0,0,0,0,0,-,0,0,0,0,0,0,0,0,0,0,0,0,0,0,0,0,0,0,0,0,0,0,0,0,0,0,0,0,0,0,0,0,0,Analysis,1
10.0.0.52,52019,10.3.0.0,2019,tcp,INT,0,0,0,0,0,0,0,-,0,0,0,0,0,0,0,0,0,0,0,0,0,0,0,0,0,0,0,0,0,0,0,0,0,0,0,0,0,0,0,0,0,Analysis,1
10.0.0.52,52020,10.3.0.1,2000,tcp,INT,0,0,0,0,0,0,0,-,0,0,0,0,0,0,0,0,0,0,0,0,0,0,0,0,0,0,0,0,0,0,0,0,0,0,0,0,0,0,0,0,0,Analysis,1
10.0.0.52,52021,10.3.0.1,2001,tcp,INT,0,0,0,0,0,0,0,-,0,0,0,0,0,0,0,0,0,0,0,0,0,0,0,0,0,0,0,0,0,0,0,0,0,0,0,0,0,0,0,0,0,Analysis,1
10.0.0.52,52022,10.3.0.1,2002,tcp,INT,0,0,0,0,0,0,0,-,0,0,0,0,0,0,0,0,0,0,0,0,0,0,0,0,0,0,0,0,0,0,0,0,0,0,0,0,0,0,0,0,0,Analysis,1
10.0.0.52,52023,10.3.0.1,2003,tcp,INT,0,0,0,0,0,0,0,-,0,0,0,0,0,0,0,0,0,0,0,0,0,0,0,0,0,0,0,0,0,0,0,0,0,0,0,0,0,0,0,0,0,Analysis,1
10.0.0.52,52024,10.3.0.1,2004,tcp,INT,0,0,0,0,0,0,0,-,0,0,0,0,0,0,0,0,0,0,0,0,0,0,0,0,0,0,0,0,0,0,0,0,0,0,0,0,0,0,0,0,0,Analysis,1
10.0.0.52,52025,10.3.0.1,2005,tcp,INT,0,0,0,0,0,0,0,-,0,0,0,0,0,0,0,0,0,0,0,0,0,0,0,0,0,0,0,0,0,0,0,0,0,0,0,0,0,0,0,0,0,Analysis,1
10.0.0.52,52026,10.3.0.1,2006,tcp,INT,0,0,0,0,0,0,0,-,0,0,0,0,0,0,0,0,0,0,0,0,0,0,0,0,0,0,0,0,0,0,0,0,0,0,0,0,0,0,0,0,0,Analysis,1
10.0.0.52,52027,10.3.0.1,2007,tcp,INT,0,0,0,0,0,0,0,-,0,0,0,0,0,0,0,0,0,0,0,0,0,0,0,0,0,0,0,0,0,0,0,0,0,0,0,0,0,0,0,0,0,Analysis,1
10.0.0.52,52028,10.3.0.1,2008,tcp,INT,0,0,0,0,0,0,0,-,0,0,0,0,0,0,0,0,0,0,0,0,0,0,0,0,0,0,0,0,0,0,0,0,0,0,0,0,0,0,0,0,0,Analysis,1
10.0.0.52,52029,10.3.0.1,2009,tcp,INT,0,0,0,0,0,0,0,-,0,0,0,0,0,0,0,0,0,0,0,0,0,0,0,0,0,0,0,0,0,0,0,0,0,0,0,0,0,0,0,0,0,Analysis,1
10.0.0.52,52030,10.3.0.1,2010,tcp,INT,0,0,0,0,0,0,0,-,0,0,0,0,0,0,0,0,0,0,0,0,0,0,0,0,0,0,0,0,0,0,0,0,0,0,0,0,0,0,0,0,0,Analysis,1
10.0.0.52,52031,10.3.0.1,2011,tcp,INT,0,0,0,0,0,0,0,-,0,0,0,0,0,0,0,0,0,0,0,0,0,0,0,0,0,0,0,0,0,0,0,0,0,0,0,0,0,0,0,0,0,Analysis,1
10.0.0.52,52032,10.3.0.1,2012,tcp,INT,0,0,0,0,0,0,0,-,0,0,0,0,0,0,0,0,0,0,0,0,0,0,0,0,0,0,0,0,0,0,0,0,0,0,0,0,0,0,0,0,0,Analysis,1
10.0.0.52,52033,10.3.0.1,2013,tcp,INT,0,0,0,0,0,0,0,-,0,0,0,0,0,0,0,0,0,0,0,0,0,0,0,0,0,0,0,0,0,0,0,0,0,0,0,0,0,0,0,0,0,Analysis,1
10.0.0.52,52034,10.3.0.1,2014,tcp,INT,0,0,0,0,0,0,0,-,0,0,0,0,0,0,0,0,0,0,0,0,0,0,0,0,0,0,0,0,0,0,0,0,0,0,0,0,0,0,0,0,0,Analysis,1
10.0.0.52,52035,10.3.0.1,2015,tcp,INT,0,0,0,0,0,0,0,-,0,0,0,0,0,0,0,0,0,0,0,0,0,0,0,0,0,0,0,0,0,0,0,0,0,0,0,0,0,0,0,0,0,Analysis,1
10.0.0.52,52036,10.3.0.1,2016,tcp,INT,0,0,0,0,0,0,0,-,0,0,0,0,0,0,0,0,0,0,0,0,0,0,0,0,0,0,0,0,0,0,0,0,0,0,0,0,0,0,0,0,0,Analysis,1
10.0.0.52,52037,10.3.0.1,2017,tcp,INT,0,0,0,0,0,0,0,-,0,0,0,0,0,0,0,0,0,0,0,0,0,0,0,0,0,0,0,0,0,0,0,0,0,0,0,0,0,0,0,0,0,Analysis,1
10.0.0.52,52038,10.3.0.1,2018,tcp,INT,0,0,0,0,0,0,0,-,0,0,0,0,0,0,0,0,0,0,0,0,0,0,0,0,0,0,0,0,0,0,0,0,0,0,0,0,0,0,0,0,0,Analysis,1
10.0.0.52,52039,10.3.0.1,2019,tcp,INT,0,0,0,0,0,0,0,-,0,0,0,0,0,0,0,0,0,0,0,0,0,0,0,0,0,0,0,0,0,0,0,0,0,0,0,0,0,0,0,0,0,Analysis,1
10.0.0.52,52040,10.3.0.2,2000,tcp,INT,0,0,0,0,0,0,0,-,0,0,0,0,0,0,0,0,0,0,0,0,0,0,0,0,0,0,0,0,0,0,0,0,0,0,0,0,0,0,0,0,0,Analysis,1
10.0.0.52,52041,10.3.0.2,2001,tcp,INT,0,0,0,0,0,0,0,-,0,0,0,0,0,0,0,0,0,0,0,0,0,0,0,0,0,0,0,0,0,0,0,0,0,0,0,0,0,0,0,0,0,Analysis,1
10.0.0.52,52042,10.3.0.2,2002,tcp,INT,0,0,0,0,0,0,0,-,0,0,0,0,0,0,0,0,0,0,0,0,0,0,0,0,0,0,0,0,0,0,0,0,0,0,0,0,0,0,0,0,0,Analysis,1
10.0.0.52,52043,10.3.0.2,2003,tcp,INT,0,0,0,0,0,0,0,-,0,0,0,0,0,0,0,0,0,0,0,0,0,0,0,0,0,0,0,0,0,0,0,0,0,0,0,0,0,0,0,0,0,Analysis,1
10.0.0.52,52044,10.3.0.2,2004,tcp,INT,0,0,0,0,0,0,0,-,0,0,0,0,0,0,0,0,0,0,0,0,0,0,0,0,0,0,0,0,0,0,0,0,0,0,0,0,0,0,0,0,0,Analysis,1
10.0.0.52,52045,10.3.0.2,2005,tcp,INT,0,0,0,0,0,0,0,-,0,0,0,0,0,0,0,0,0,0,0,0,0,0,0,0,0,0,0,0,0,0,0,0,0,0,0,0,0,0,0,0,0,Analysis,1
10.0.0.52,52046,10.3.0.2,2006,tcp,INT,0,0,0,0,0,0,0,-,0,0,0,0,0,0,0,0,0,0,0,0,0,0,0,0,0,0,0,0,0,0,0,0,0,0,0,0,0,0,0,0,0,Analysis,1
10.0.0.52,52047,10.3.0.2,2007,tcp,INT,0,0,0,0,0,0,0,-,0,0,0,0,0,0,0,0,0,0,0,0,0,0,0,0,0,0,0,0,0,0,0,0,0,0,0,0,0,0,0,0,0,Analysis,1
10.0.0.52,52048,10.3.0.2,2008,tcp,INT,0,0,0,0,0,0,0,-,0,0,0,0,0,0,0,0,0,0,0,0,0,0,0,0,0,0,0,0,0,0,0,0,0,0,0,0,0,0,0,0,0,Analysis,1
10.0.0.52,52049,10.3.0.2,2009,tcp,INT,0,0,0,0,0,0,0,-,0,0,0,0,0,0,0,0,0,0,0,0,0,0,0,0,0,0,0,0,0,0,0,0,0,0,0,0,0,0,0,0,0,Analysis,1
10.0.0.52,52050,10.3.0.2,2010,tcp,INT,0,0,0,0,0,0,0,-,0,0,0,0,0,0,0,0,0,0,0,0,0,0,0,0,0,0,0,0,0,0,0,0,0,0,0,0,0,0,0,0,0,Analysis,1
10.0.0.52,52051,10.3.0.2,2011,tcp,INT,0,0,0,0,0,0,0,-,0,0,0,0,0,0,0,0,0,0,0,0,0,0,0,0,0,0,0,0,0,0,0,0,0,0,0,0,0,0,0,0,0,Analysis,1
10.0.0.52,52052,10.3.0.2,2012,tcp,INT,0,0,0,0,0,0,0,-,0,0,0,0,0,0,0,0,0,0,0,0,0,0,0,0,0,0,0,0,0,0,0,0,0,0,0,0,0,0,0,0,0,Analysis,1
10.0.0.52,52053,10.3.0.2,2013,tcp,INT,0,0,0,0,0,0,0,-,0,0,0,0,0,0,0,0,0,0,0,0,0,0,0,0,0,0,0,0,0,0,0,0,0,0,0,0,0,0,0,0,0,Analysis,1
10.0.0.52,52054,10.3.0.2,2014,tcp,INT,0,0,0,0,0,0,0,-,0,0,0,0,0,0,0,0,0,0,0,0,0,0,0,0,0,0,0,0,0,0,0,0,0,0,0,0,0,0,0,0,0,Analysis,1
10.0.0.52,52055,10.3.0.2,2015,tcp,INT,0,0,0,0,0,0,0,-,0,0,0,0,0,0,0,0,0,0,0,0,0,0,0,0,0,0,0,0,0,0,0,0,0,0,0,0,0,0,0,0,0,Analysis,1
10.0.0.52,52056,10.3.0.2,2016,tcp,INT,0,0,0,0,0,0,0,-,0,0,0,0,0,0,0,0,0,0,0,0,0,0,0,0,0,0,0,0,0,0,0,0,0,0,0,0,0,0,0,0,0,Analysis,1
10.0.0.52,52057,10.3.0.2,2017,tcp,INT,0,0,0,0,0,0,0,-,0,0,0,0,0,0,0,0,0,0,0,0,0,0,0,0,0,0,0,0,0,0,0,0,0,0,0,0,0,0,0,0,0,Analysis,1
10.0.0.52,52058,10.3.0.2,2018,tcp,INT,0,0,0,0,0,0,0,-,0,0,0,0,0,0,0,0,0,0,0,0,0,0,0,0,0,0,0,0,0,0,0,0,0,0,0,0,0,0,0,0,0,Analysis,1
10.0.0.52,52059,10.3.0.2,2019,tcp,INT,0,0,0,0,0,0,0,-,0,0,0,0,0,0,0,0,0,0,0,0,0,0,0,0,0,0,0,0,0,0,0,0,0,0,0,0,0,0,0,0,0,Analysis,1
10.0.0.52,52060,10.3.0.3,2000,tcp,INT,0,0,0,0,0,0,0,-,0,0,0,0,0,0,0,0,0,0,0,0,0,0,0,0,0,0,0,0,0,0,0,0,0,0,0,0,0,0,0,0,0,Analysis,1
10.0.0.52,52061,10.3.0.3,2001,tcp,INT,0,0,0,0,0,0,0,-,0,0,0,0,0,0,0,0,0,0,0,0,0,0,0,0,0,0,0,0,0,0,0,0,0,0,0,0,0,0,0,0,0,Analysis,1
10.0.0.52,52062,10.3.0.3,2002,tcp,INT,0,0,0,0,0,0,0,-,0,0,0,0,0,0,0,0,0,0,0,0,0,0,0,0,0,0,0,0,0,0,0,0,0,0,0,0,0,0,0,0,0,Analysis,1
10.0.0.52,52063,10.3.0.3,2003,tcp,INT,0,0,0,0,0,0,0,-,0,0,0,0,0,0,0,0,0,0,0,0,0,0,0,0,0,0,0,0,0,0,0,0,0,0,0,0,0,0,0,0,0,Analysis,1
10.0.0.52,52064,10.3.0.3,2004,tcp,INT,0,0,0,0,0,0,0,-,0,0,0,0,0,0,0,0,0,0,0,0,0,0,0,0,0,0,0,0,0,0,0,0,0,0,0,0,0,0,0,0,0,Analysis,1
10.0.0.52,52065,10.3.0.3,2005,tcp,INT,0,0,0,0,0,0,0,-,0,0,0,0,0,0,0,0,0,0,0,0,0,0,0,0,0,0,0,0,0,0,0,0,0,0,0,0,0,0,0,0,0,Analysis,1
10.0.0.52,52066,10.3.0.3,2006,tcp,INT,0,0,0,0,0,0,0,-,0,0,0,0,0,0,0,0,0,0,0,0,0,0,0,0,0,0,0,0,0,0,0,0,0,0,0,0,0,0,0,0,0,Analysis,1
10.0.0.52,52067,10.3.0.3,2007,tcp,INT,0,0,0,0,0,0,0,-,0,0,0,0,0,0,0,0,0,0,0,0,0,0,0,0,0,0,0,0,0,0,0,0,0,0,0,0,0,0,0,0,0,Analysis,1
10.0.0.52,52068,10.3.0.3,2008,tcp,INT,0,0,0,0,0,0,0,-,0,0,0,0,0,0,0,0,0,0,0,0,0,0,0,0,0,0,0,0,0,0,0,0,0,0,0,0,0,0,0,0,0,Analysis,1
10.0.0.52,52069,10.3.0.3,2009,tcp,INT,0,0,0,0,0,0,0,-,0,0,0,0,0,0,0,0,0,0,0,0,0,0,0,0,0,0,0,0,0,0,0,0,0,0,0,0,0,0,0,0,0,Analysis,1
10.0.0.52,52070,10.3.0.3,2010,tcp,INT,0,0,0,0,0,0,0,-,0,0,0,0,0,0,0,0,0,0,0,0,0,0,0,0,0,0,0,0,0,0,0,0,0,0,0,0,0,0,0,0,0,Analysis,1
10.0.0.52,52071,10.3.0.3,2011,tcp,INT,0,0,0,0,0,0,0,-,0,0,0,0,0,0,0,0,0,0,0,0,0,0,0,0,0,0,0,0,0,0,0,0,0,0,0,0,0,0,0,0,0,Analysis,1
10.0.0.52,52072,10.3.0.3,2012,tcp,INT,0,0,0,0,0,0,0,-,0,0,0,0,0,0,0,0,0,0,0,0,0,0,0,0,0,0,0,0,0,0,0,0,0,0,0,0,0,0,0,0,0,Analysis,1
10.0.0.52,52073,10.3.0.3,2013,tcp,INT,0,0,0,0,0,0,0,-,0,0,0,0,0,0,0,0,0,0,0,0,0,0,0,0,0,0,0,0,0,0,0,0,0,0,0,0,0,0,0,0,0,Analysis,1
10.0.0.52,52074,10.3.0.3,2014,tcp,INT,0,0,0,0,0,0,0,-,0,0,0,0,0,0,0,0,0,0,0,0,0,0,0,0,0,0,0,0,0,0,0,0,0,0,0,0,0,0,0,0,0,Analysis,1
10.0.0.52,52075,10.3.0.3,2015,tcp,INT,0,0,0,0,0,0,0,-,0,0,0,0,0,0,0,0,0,0,0,0,0,0,0,0,0,0,0,0,0,0,0,0,0,0,0,0,0,0,0,0,0,Analysis,1
10.0.0.52,52076,10.3.0.3,2016,tcp,INT,0,0,0,0,0,0,0,-,0,0,0,0,0,0,0,0,0,0,0,0,0,0,0,0,0,0,0,0,0,0,0,0,0,0,0,0,0,0,0,0,0,Analysis,1
10.0.0.52,52077,10.3.0.3,2017,tcp,INT,0,0,0,0,0,0,0,-,0,0,0,0,0,0,0,0,0,0,0,0,0,0,0,0,0,0,0,0,0,0,0,0,0,0,0,0,0,0,0,0,0,Analysis,1
10.0.0.52,52078,10.3.0.3,2018,tcp,INT,0,0,0,0,0,0,0,-,0,0,0,0,0,0,0,0,0,0,0,0,0,0,0,0,0,0,0,0,0,0,0,0,0,0,0,0,0,0,0,0,0,Analysis,1
10.0.0.52,52079,10.3.0.3,2019,tcp,INT,0,0,0,0,0,0,0,-,0,0,0,0,0,0,0,0,0,0,0,0,0,0,0,0,0,0,0,0,0,0,0,0,0,0,0,0,0,0,0,0,0,Analysis,1
10.0.0.52,52080,10.3.0.4,2000,tcp,INT,0,0,0,0,0,0,0,-,0,0,0,0,0,0,0,0,0,0,0,0,0,0,0,0,0,0,0,0,0,0,0,0,0,0,0,0,0,0,0,0,0,Analysis,1
10.0.0.52,52081,10.3.0.4,2001,tcp,INT,0,0,0,0,0,0,0,-,0,0,0,0,0,0,0,0,0,0,0,0,0,0,0,0,0,0,0,0,0,0,0,0,0,0,0,0,0,0,0,0,0,Analysis,1
10.0.0.52,52082,10.3.0.4,2002,tcp,INT,0,0,0,0,0,0,0,-,0,0,0,0,0,0,0,0,0,0,0,0,0,0,0,0,0,0,0,0,0,0,0,0,0,0,0,0,0,0,0,0,0,Analysis,1
10.0.0.52,52083,10.3.0.4,2003,tcp,INT,0,0,0,0,0,0,0,-,0,0,0,0,0,0,0,0,0,0,0,0,0,0,0,0,0,0,0,0,0,0,0,0,0,0,0,0,0,0,0,0,0,Analysis,1
10.0.0.52,52084,10.3.0.4,2004,tcp,INT,0,0,0,0,0,0,0,-,0,0,0,0,0,0,0,0,0,0,0,0,0,0,0,0,0,0,0,0,0,0,0,0,0,0,0,0,0,0,0,0,0,Analysis,1
10.0.0.52,52085,10.3.0.4,2005,tcp,INT,0,0,0,0,0,0,0,-,0,0,0,0,0,0,0,0,0,0,0,0,0,0,0,0,0,0,0,0,0,0,0,0,0,0,0,0,0,0,0,0,0,Analysis,1
10.0.0.52,52086,10.3.0.4,2006,tcp,INT,0,0,0,0,0,0,0,-,0,0,0,0,0,0,0,0,0,0,0,0,0,0,0,0,0,0,0,0,0,0,0,0,0,0,0,0,0,0,0,0,0,Analysis,1
10.0.0.52,52087,10.3.0.4,2007,tcp,INT,0,0,0,0,0,0,0,-,0,0,0,0,0,0,0,0,0,0,0,0,0,0,0,0,0,0,0,0,0,0,0,0,0,0,0,0,0,0,0,0,0,Analysis,1
10.0.0.52,52088,10.3.0.4,2008,tcp,INT,0,0,0,0,0,0,0,-,0,0,0,0,0,0,0,0,0,0,0,0,0,0,0,0,0,0,0,0,0,0,0,0,0,0,0,0,0,0,0,0,0,Analysis,1
10.0.0.52,52089,10.3.0.4,2009,tcp,INT,0,0,0,0,0,0,0,-,0,0,0,0,0,0,0,0,0,0,0,0,0,0,0,0,0,0,0,0,0,0,0,0,0,0,0,0,0,0,0,0,0,Analysis,1
10.0.0.52,52090,10.3.0.4,2010,tcp,INT,0,0,0,0,0,0,0,-,0,0,0,0,0,0,0,0,0,0,0,0,0,0,0,0,0,0,0,0,0,0,0,0,0,0,0,0,0,0,0,0,0,Analysis,1
10.0.0.52,52091,10.3.0.4,2011,tcp,INT,0,0,0,0,0,0,0,-,0,0,0,0,0,0,0,0,0,0,0,0,0,0,0,0,0,0,0,0,0,0,0,0,0,0,0,0,0,0,0,0,0,Analysis,1
10.0.0.52,52092,10.3.0.4,2012,tcp,INT,0,0,0,0,0,0,0,-,0,0,0,0,0,0,0,0,0,0,0,0,0,0,0,0,0,0,0,0,0,0,0,0,0,0,0,0,0,0,0,0,0,Analysis,1
10.0.0.52,52093,10.3.0.4,2013,tcp,INT,0,0,0,0,0,0,0,-,0,0,0,0,0,0,0,0,0,0,0,0,0,0,0,0,0,0,0,0,0,0,0,0,0,0,0,0,0,0,0,0,0,Analysis,1
10.0.0.52,52094,10.3.0.4,2014,tcp,INT,0,0,0,0,0,0,0,-,0,0,0,0,0,0,0,0,0,0,0,0,0,0,0,0,0,0,0,0,0,0,0,0,0,0,0,0,0,0,0,0,0,Analysis,1
10.0.0.52,52095,10.3.0.4,2015,tcp,INT,0,0,0,0,0,0,0,-,0,0,0,0,0,0,0,0,0,0,0,0,0,0,0,0,0,0,0,0,0,0,0,0,0,0,0,0,0,0,0,0,0,Analysis,1
10.0.0.52,52096,10.3.0.4,2016,tcp,INT,0,0,0,0,0,0,0,-,0,0,0,0,0,0,0,0,0,0,0,0,0,0,0,0,0,0,0,0,0,0,0,0,0,0,0,0,0,0,0,0,0,Analysis,1
10.0.0.52,52097,10.3.0.4,2017,tcp,INT,0,0,0,0,0,0,0,-,0,0,0,0,0,0,0,0,0,0,0,0,0,0,0,0,0,0,0,0,0,0,0,0,0,0,0,0,0,0,0,0,0,Analysis,1
10.0.0.52,52098,10.3.0.4,2018,tcp,INT,0,0,0,0,0,0,0,-,0,0,0,0,0,0,0,0,0,0,0,0,0,0,0,0,0,0,0,0,0,0,0,0,0,0,0,0,0,0,0,0,0,Analysis,1
10.0.0.52,52099,10.3.0.4,2019,tcp,INT,0,0,0,0,0,0,0,-,0,0,0,0,0,0,0,0,0,0,0,0,0,0,0,0,0,0,0,0,0,0,0,0,0,0,0,0,0,0,0,0,0,Analysis,1
10.0.0.52,52100,10.3.0.5,2000,tcp,INT,0,0,0,0,0,0,0,-,0,0,0,0,0,0,0,0,0,0,0,0,0,0,0,0,0,0,0,0,0,0,0,0,0,0,0,0,0,0,0,0,0,Analysis,1
10.0.0.52,52101,10.3.0.5,2001,tcp,INT,0,0,0,0,0,0,0,-,0,0,0,0,0,0,0,0,0,0,0,0,0,0,0,0,0,0,0,0,0,0,0,0,0,0,0,0,0,0,0,0,0,Analysis,1
10.0.0.52,52102,10.3.0.5,2002,tcp,INT,0,0,0,0,0,0,0,-,0,0,0,0,0,0,0,0,0,0,0,0,0,0,0,0,0,0,0,0,0,0,0,0,0,0,0,0,0,0,0,0,0,Analysis,1
10.0.0.52,52103,10.3.0.5,2003,tcp,INT,0,0,0,0,0,0,0,-,0,0,0,0,0,0,0,0,0,0,0,0,0,0,0,0,0,0,0,0,0,0,0,0,0,0,0,0,0,0,0,0,0,Analysis,1
10.0.0.52,52104,10.3.0.5,2004,tcp,INT,0,0,0,0,0,0,0,-,0,0,0,0,0,0,0,0,0,0,0,0,0,0,0,0,0,0,0,0,0,0,0,0,0,0,0,0,0,0,0,0,0,Analysis,1
10.0.0.52,52105,10.3.0.5,2005,tcp,INT,0,0,0,0,0,0,0,-,0,0,0,0,0,0,0,0,0,0,0,0,0,0,0,0,0,0,0,0,0,0,0,0,0,0,0,0,0,0,0,0,0,Analysis,1
10.0.0.52,52106,10.3.0.5,2006,tcp,INT,0,0,0,0,0,0,0,-,0,0,0,0,0,0,0,0,0,0,0,0,0,0,0,0,0,0,0,0,0,0,0,0,0,0,0,0,0,0,0,0,0,Analysis,1
10.0.0.52,52107,10.3.0.5,2007,tcp,INT,0,0,0,0,0,0,0,-,0,0,0,0,0,0,0,0,0,0,0,0,0,0,0,0,0,0,0,0,0,0,0,0,0,0,0,0,0,0,0,0,0,Analysis,1
10.0.0.52,52108,10.3.0.5,2008,tcp,INT,0,0,0,0,0,0,0,-,0,0,0,0,0,0,0,0,0,0,0,0,0,0,0,0,0,0,0,0,0,0,0,0,0,0,0,0,0,0,0,0,0,Analysis,1
10.0.0.52,52109,10.3.0.5,2009,tcp,INT,0,0,0,0,0,0,0,-,0,0,0,0,0,0,0,0,0,0,0,0,0,0,0,0,0,0,0,0,0,0,0,0,0,0,0,0,0,0,0,0,0,Analysis,1
10.0.0.52,52110,10.3.0.5,2010,tcp,INT,0,0,0,0,0,0,0,-,0,0,0,0,0,0,0,0,0,0,0,0,0,0,0,0,0,0,0,0,0,0,0,0,0,0,0,0,0,0,0,0,0,Analysis,1
10.0.0.52,52111,10.3.0.5,2011,tcp,INT,0,0,0,0,0,0,0,-,0,0,0,0,0,0,0,0,0,0,0,0,0,0,0,0,0,0,0,0,0,0,0,0,0,0,0,0,0,0,0,0,0,Analysis,1
10.0.0.52,52112,10.3.0.5,2012,tcp,INT,0,0,0,0,0,0,0,-,0,0,0,0,0,0,0,0,0,0,0,0,0,0,0,0,0,0,0,0,0,0,0,0,0,0,0,0,0,0,0,0,0,Analysis,1
10.0.0.52,52113,10.3.0.5,2013,tcp,INT,0,0,0,0,0,0,0,-,0,0,0,0,0,0,0,0,0,0,0,0,0,0,0,0,0,0,0,0,0,0,0,0,0,0,0,0,0,0,0,0,0,Analysis,1
10.0.0.52,52114,10.3.0.5,2014,tcp,INT,0,0,0,0,0,0,0,-,0,0,0,0,0,0,0,0,0,0,0,0,0,0,0,0,0,0,0,0,0,0,0,0,0,0,0,0,0,0,0,0,0,Analysis,1
10.0.0.52,52115,10.3.0.5,2015,tcp,INT,0,0,0,0,0,0,0,-,0,0,0,0,0,0,0,0,0,0,0,0,0,0,0,0,0,0,0,0,0,0,0,0,0,0,0,0,0,0,0,0,0,Analysis,1
10.0.0.52,52116,10.3.0.5,2016,tcp,INT,0,0,0,0,0,0,0,-,0,0,0,0,0,0,0,0,0,0,0,0,0,0,0,0,0,0,0,0,0,0,0,0,0,0,0,0,0,0,0,0,0,Analysis,1
10.0.0.52,52117,10.3.0.5,2017,tcp,INT,0,0,0,0,0,0,0,-,0,0,0,0,0,0,0,0,0,0,0,0,0,0,0,0,0,0,0,0,0,0,0,0,0,0,0,0,0,0,0,0,0,Analysis,1
10.0.0.52,52118,10.3.0.5,2018,tcp,INT,0,0,0,0,0,0,0,-,0,0,0,0,0,0,0,0,0,0,0,0,0,0,0,0,0,0,0,0,0,0,0,0,0,0,0,0,0,0,0,0,0,Analysis,1
10.0.0.52,52119,10.3.0.5,2019,tcp,INT,0,0,0,0,0,0,0,-,0,0,0,0,0,0,0,0,0,0,0,0,0,0,0,0,0,0,0,0,0,0,0,0,0,0,0,0,0,0,0,0,0,Analysis,1
10.0.0.52,52120,10.3.0.6,2000,tcp,INT,0,0,0,0,0,0,0,-,0,0,0,0,0,0,0,0,0,0,0,0,0,0,0,0,0,0,0,0,0,0,0,0,0,0,0,0,0,0,0,0,0,Analysis,1
10.0.0.52,52121,10.3.0.6,2001,tcp,INT,0,0,0,0,0,0,0,-,0,0,0,0,0,0,0,0,0,0,0,0,0,0,0,0,0,0,0,0,0,0,0,0,0,0,0,0,0,0,0,0,0,Analysis,1
10.0.0.52,52122,10.3.0.6,2002,tcp,INT,0,0,0,0,0,0,0,-,0,0,0,0,0,0,0,0,0,0,0,0,0,0,0,0,0,0,0,0,0,0,0,0,0,0,0,0,0,0,0,0,0,Analysis,1
10.0.0.52,52123,10.3.0.6,2003,tcp,INT,0,0,0,0,0,0,0,-,0,0,0,0,0,0,0,0,0,0,0,0,0,0,0,0,0,0,0,0,0,0,0,0,0,0,0,0,0,0,0,0,0,Analysis,1
10.0.0.52,52124,10.3.0.6,2004,tcp,INT,0,0,0,0,0,0,0,-,0,0,0,0,0,0,0,0,0,0,0,0,0,0,0,0,0,0,0,0,0,0,0,0,0,0,0,0,0,0,0,0,0,Analysis,1
10.0.0.52,52125,10.3.0.6,2005,tcp,INT,0,0,0,0,0,0,0,-,0,0,0,0,0,0,0,0,0,0,0,0,0,0,0,0,0,0,0,0,0,0,0,0,0,0,0,0,0,0,0,0,0,Analysis,1
10.0.0.52,52126,10.3.0.6,2006,tcp,INT,0,0,0,0,0,0,0,-,0,0,0,0,0,0,0,0,0,0,0,0,0,0,0,0,0,0,0,0,0,0,0,0,0,0,0,0,0,0,0,0,0,Analysis,1
10.0.0.52,52127,10.3.0.6,2007,tcp,INT,0,0,0,0,0,0,0,-,0,0,0,0,0,0,0,0,0,0,0,0,0,0,0,0,0,0,0,0,0,0,0,0,0,0,0,0,0,0,0,0,0,Analysis,1
10.0.0.52,52128,10.3.0.6,2008,tcp,INT,0,0,0,0,0,0,0,-,0,0,0,0,0,0,0,0,0,0,0,0,0,0,0,0,0,0,0,0,0,0,0,0,0,0,0,0,0,0,0,0,0,Analysis,1
10.0.0.52,52129,10.3.0.6,2009,tcp,INT,0,0,0,0,0,0,0,-,0,0,0,0,0,0,0,0,0,0,0,0,0,0,0,0,0,0,0,0,0,0,0,0,0,0,0,0,0,0,0,0,0,Analysis,1
10.0.0.52,52130,10.3.0.6,2010,tcp,INT,0,0,0,0,0,0,0,-,0,0,0,0,0,0,0,0,0,0,0,0,0,0,0,0,0,0,0,0,0,0,0,0,0,0,0,0,0,0,0,0,0,Analysis,1
10.0.0.52,52131,10.3.0.6,2011,tcp,INT,0,0,0,0,0,0,0,-,0,0,0,0,0,0,0,0,0,0,0,0,0,0,0,0,0,0,0,0,0,0,0,0,0,0,0,0,0,0,0,0,0,Analysis,1
10.0.0.52,52132,10.3.0.6,2012,tcp,INT,0,0,0,0,0,0,0,-,0,0,0,0,0,0,0,0,0,0,0,0,0,0,0,0,0,0,0,0,0,0,0,0,0,0,0,0,0,0,0,0,0,Analysis,1
10.0.0.52,52133,10.3.0.6,2013,tcp,INT,0,0,0,0,0,0,0,-,0,0,0,0,0,0,0,0,0,0,0,0,0,0,0,0,0,0,0,0,0,0,0,0,0,0,0,0,0,0,0,0,0,Analysis,1
10.0.0.52,52134,10.3.0.6,2014,tcp,INT,0,0,0,0,0,0,0,-,0,0,0,0,0,0,0,0,0,0,0,0,0,0,0,0,0,0,0,0,0,0,0,0,0,0,0,0,0,0,0,0,0,Analysis,1
10.0.0.52,52135,10.3.0.6,2015,tcp,INT,0,0,0,0,0,0,0,-,0,0,0,0,0,0,0,0,0,0,0,0,0,0,0,0,0,0,0,0,0,0,0,0,0,0,0,0,0,0,0,0,0,Analysis,1
10.0.0.52,52136,10.3.0.6,2016,tcp,INT,0,0,0,0,0,0,0,-,0,0,0,0,0,0,0,0,0,0,0,0,0,0,0,0,0,0,0,0,0,0,0,0,0,0,0,0,0,0,0,0,0,Analysis,1
10.0.0.52,52137,10.3.0.6,2017,tcp,INT,0,0,0,0,0,0,0,-,0,0,0,0,0,0,0,0,0,0,0,0,0,0,0,0,0,0,0,0,0,0,0,0,0,0,0,0,0,0,0,0,0,Analysis,1
10.0.0.52,52138,10.3.0.6,2018,tcp,INT,0,0,0,0,0,0,0,-,0,0,0,0,0,0,0,0,0,0,0,0,0,0,0,0,0,0,0,0,0,0,0,0,0,0,0,0,0,0,0,0,0,Analysis,1
10.0.0.52,52139,10.3.0.6,2019,tcp,INT,0,0,0,0,0,0,0,-,0,0,0,0,0,0,0,0,0,0,0,0,0,0,0,0,0,0,0,0,0,0,0,0,0,0,0,0,0,0,0,0,0,Analysis,1
10.0.0.52,52140,10.3.0.7,2000,tcp,INT,0,0,0,0,0,0,0,-,0,0,0,0,0,0,0,0,0,0,0,0,0,0,0,0,0,0,0,0,0,0,0,0,0,0,0,0,0,0,0,0,0,Analysis,1
10.0.0.52,52141,10.3.0.7,2001,tcp,INT,0,0,0,0,0,0,0,-,0,0,0,0,0,0,0,0,0,0,0,0,0,0,0,0,0,0,0,0,0,0,0,0,0,0,0,0,0,0,0,0,0,Analysis,1
10.0.0.52,52142,10.3.0.7,2002,tcp,INT,0,0,0,0,0,0,0,-,0,0,0,0,0,0,0,0,0,0,0,0,0,0,0,0,0,0,0,0,0,0,0,0,0,0,0,0,0,0,0,0,0,Analysis,1
10.0.0.52,52143,10.3.0.7,2003,tcp,INT,0,0,0,0,0,0,0,-,0,0,0,0,0,0,0,0,0,0,0,0,0,0,0,0,0,0,0,0,0,0,0,0,0,0,0,0,0,0,0,0,0,Analysis,1
10.0.0.52,52144,10.3.0.7,2004,tcp,INT,0,0,0,0,0,0,0,-,0,0,0,0,0,0,0,0,0,0,0,0,0,0,0,0,0,0,0,0,0,0,0,0,0,0,0,0,0,0,0,0,0,Analysis,1
10.0.0.52,52145,10.3.0.7,2005,tcp,INT,0,0,0,0,0,0,0,-,0,0,0,0,0,0,0,0,0,0,0,0,0,0,0,0,0,0,0,0,0,0,0,0,0,0,0,0,0,0,0,0,0,Analysis,1
10.0.0.52,52146,10.3.0.7,2006,tcp,INT,0,0,0,0,0,0,0,-,0,0,0,0,0,0,0,0,0,0,0,0,0,0,0,0,0,0,0,0,0,0,0,0,0,0,0,0,0,0,0,0,0,Analysis,1
10.0.0.52,52147,10.3.0.7,2007,tcp,INT,0,0,0,0,0,0,0,-,0,0,0,0,0,0,0,0,0,0,0,0,0,0,0,0,0,0,0,0,0,0,0,0,0,0,0,0,0,0,0,0,0,Analysis,1
10.0.0.52,52148,10.3.0.7,2008,tcp,INT,0,0,0,0,0,0,0,-,0,0,0,0,0,0,0,0,0,0,0,0,0,0,0,0,0,0,0,0,0,0,0,0,0,0,0,0,0,0,0,0,0,Analysis,1
10.0.0.52,52149,10.3.0.7,2009,tcp,INT,0,0,0,0,0,0,0,-,0,0,0,0,0,0,0,0,0,0,0,0,0,0,0,0,0,0,0,0,0,0,0,0,0,0,0,0,0,0,0,0,0,Analysis,1
10.0.0.52,52150,10.3.0.7,2010,tcp,INT,0,0,0,0,0,0,0,-,0,0,0,0,0,0,0,0,0,0,0,0,0,0,0,0,0,0,0,0,0,0,0,0,0,0,0,0,0,0,0,0,0,Analysis,1
10.0.0.52,52151,10.3.0.7,2011,tcp,INT,0,0,0,0,0,0,0,-,0,0,0,0,0,0,0,0,0,0,0,0,0,0,0,0,0,0,0,0,0,0,0,0,0,0,0,0,0,0,0,0,0,Analysis,1
10.0.0.52,52152,10.3.0.7,2012,tcp,INT,0,0,0,0,0,0,0,-,0,0,0,0,0,0,0,0,0,0,0,0,0,0,0,0,0,0,0,0,0,0,0,0,0,0,0,0,0,0,0,0,0,Analysis,1
10.0.0.52,52153,10.3.0.7,2013,tcp,INT,0,0,0,0,0,0,0,-,0,0,0,0,0,0,0,0,0,0,0,0,0,0,0,0,0,0,0,0,0,0,0,0,0,0,0,0,0,0,0,0,0,Analysis,1
10.0.0.52,52154,10.3.0.7,2014,tcp,INT,0,0,0,0,0,0,0,-,0,0,0,0,0,0,0,0,0,0,0,0,0,0,0,0,0,0,0,0,0,0,0,0,0,0,0,0,0,0,0,0,0,Analysis,1
10.0.0.52,52155,10.3.0.7,2015,tcp,INT,0,0,0,0,0,0,0,-,0,0,0,0,0,0,0,0,0,0,0,0,0,0,0,0,0,0,0,0,0,0,0,0,0,0,0,0,0,0,0,0,0,Analysis,1
10.0.0.52,52156,10.3.0.7,2016,tcp,INT,0,0,0,0,0,0,0,-,0,0,0,0,0,0,0,0,0,0,0,0,0,0,0,0,0,0,0,0,0,0,0,0,0,0,0,0,0,0,0,0,0,Analysis,1
10.0.0.52,52157,10.3.0.7,2017,tcp,INT,0,0,0,0,0,0,0,-,0,0,0,0,0,0,0,0,0,0,0,0,0,0,0,0,0,0,0,0,0,0,0,0,0,0,0,0,0,0,0,0,0,Analysis,1
10.0.0.52,52158,10.3.0.7,2018,tcp,INT,0,0,0,0,0,0,0,-,0,0,0,0,0,0,0,0,0,0,0,0,0,0,0,0,0,0,0,0,0,0,0,0,0,0,0,0,0,0,0,0,0,Analysis,1
10.0.0.52,52159,10.3.0.7,2019,tcp,INT,0,0,0,0,0,0,0,-,0,0,0,0,0,0,0,0,0,0,0,0,0,0,0,0,0,0,0,0,0,0,0,0,0,0,0,0,0,0,0,0,0,Analysis,1
10.0.0.52,52160,10.3.0.8,2000,tcp,INT,0,0,0,0,0,0,0,-,0,0,0,0,0,0,0,0,0,0,0,0,0,0,0,0,0,0,0,0,0,0,0,0,0,0,0,0,0,0,0,0,0,Analysis,1
10.0.0.52,52161,10.3.0.8,2001,tcp,INT,0,0,0,0,0,0,0,-,0,0,0,0,0,0,0,0,0,0,0,0,0,0,0,0,0,0,0,0,0,0,0,0,0,0,0,0,0,0,0,0,0,Analysis,1
10.0.0.52,52162,10.3.0.8,2002,tcp,INT,0,0,0,0,0,0,0,-,0,0,0,0,0,0,0,0,0,0,0,0,0,0,0,0,0,0,0,0,0,0,0,0,0,0,0,0,0,0,0,0,0,Analysis,1
10.0.0.52,52163,10.3.0.8,2003,tcp,INT,0,0,0,0,0,0,0,-,0,0,0,0,0,0,0,0,0,0,0,0,0,0,0,0,0,0,0,0,0,0,0,0,0,0,0,0,0,0,0,0,0,Analysis,1
10.0.0.52,52164,10.3.0.8,2004,tcp,INT,0,0,0,0,0,0,0,-,0,0,0,0,0,0,0,0,0,0,0,0,0,0,0,0,0,0,0,0,0,0,0,0,0,0,0,0,0,0,0,0,0,Analysis,1
10.0.0.52,52165,10.3.0.8,2005,tcp,INT,0,0,0,0,0,0,0,-,0,0,0,0,0,0,0,0,0,0,0,0,0,0,0,0,0,0,0,0,0,0,0,0,0,0,0,0,0,0,0,0,0,Analysis,1
10.0.0.52,52166,10.3.0.8,2006,tcp,INT,0,0,0,0,0,0,0,-,0,0,0,0,0,0,0,0,0,0,0,0,0,0,0,0,0,0,0,0,0,0,0,0,0,0,0,0,0,0,0,0,0,Analysis,1
10.0.0.52,52167,10.3.0.8,2007,tcp,INT,0,0,0,0,0,0,0,-,0,0,0,0,0,0,0,0,0,0,0,0,0,0,0,0,0,0,0,0,0,0,0,0,0,0,0,0,0,0,0,0,0,Analysis,1
10.0.0.52,52168,10.3.0.8,2008,tcp,INT,0,0,0,0,0,0,0,-,0,0,0,0,0,0,0,0,0,0,0,0,0,0,0,0,0,0,0,0,0,0,0,0,0,0,0,0,0,0,0,0,0,Analysis,1
10.0.0.52,52169,10.3.0.8,2009,tcp,INT,0,0,0,0,0,0,0,-,0,0,0,0,0,0,0,0,0,0,0,0,0,0,0,0,0,0,0,0,0,0,0,0,0,0,0,0,0,0,0,0,0,Analysis,1
10.0.0.52,52170,10.3.0.8,2010,tcp,INT,0,0,0,0,0,0,0,-,0,0,0,0,0,0,0,0,0,0,0,0,0,0,0,0,0,0,0,0,0,0,0,0,0,0,0,0,0,0,0,0,0,Analysis,1
10.0.0.52,52171,10.3.0.8,2011,tcp,INT,0,0,0,0,0,0,0,-,0,0,0,0,0,0,0,0,0,0,0,0,0,0,0,0,0,0,0,0,0,0,0,0,0,0,0,0,0,0,0,0,0,Analysis,1
10.0.0.52,52172,10.3.0.8,2012,tcp,INT,0,0,0,0,0,0,0,-,0,0,0,0,0,0,0,0,0,0,0,0,0,0,0,0,0,0,0,0,0,0,0,0,0,0,0,0,0,0,0,0,0,Analysis,1
10.0.0.52,52173,10.3.0.8,2013,tcp,INT,0,0,0,0,0,0,0,-,0,0,0,0,0,0,0,0,0,0,0,0,0,0,0,0,0,0,0,0,0,0,0,0,0,0,0,0,0,0,0,0,0,Analysis,1
10.0.0.52,52174,10.3.0.8,2014,tcp,INT,0,0,0,0,0,0,0,-,0,0,0,0,0,0,0,0,0,0,0,0,0,0,0,0,0,0,0,0,0,0,0,0,0,0,0,0,0,0,0,0,0,Analysis,1
10.0.0.52,52175,10.3.0.8,2015,tcp,INT,0,0,0,0,0,0,0,-,0,0,0,0,0,0,0,0,0,0,0,0,0,0,0,0,0,0,0,0,0,0,0,0,0,0,0,0,0,0,0,0,0,Analysis,1
10.0.0.52,52176,10.3.0.8,2016,tcp,INT,0,0,0,0,0,0,0,-,0,0,0,0,0,0,0,0,0,0,0,0,0,0,0,0,0,0,0,0,0,0,0,0,0,0,0,0,0,0,0,0,0,Analysis,1
10.0.0.52,52177,10.3.0.8,2017,tcp,INT,0,0,0,0,0,0,0,-,0,0,0,0,0,0,0,0,0,0,0,0,0,0,0,0,0,0,0,0,0,0,0,0,0,0,0,0,0,0,0,0,0,Analysis,1
10.0.0.52,52178,10.3.0.8,2018,tcp,INT,0,0,0,0,0,0,0,-,0,0,0,0,0,0,0,0,0,0,0,0,0,0,0,0,0,0,0,0,0,0,0,0,0,0,0,0,0,0,0,0,0,Analysis,1
10.0.0.52,52179,10.3.0.8,2019,tcp,INT,0,0,0,0,0,0,0,-,0,0,0,0,0,0,0,0,0,0,0,0,0,0,0,0,0,0,0,0,0,0,0,0,0,0,0,0,0,0,0,0,0,Analysis,1
10.0.0.52,52180,10.3.0.9,2000,tcp,INT,0,0,0,0,0,0,0,-,0,0,0,0,0,0,0,0,0,0,0,0,0,0,0,0,0,0,0,0,0,0,0,0,0,0,0,0,0,0,0,0,0,Analysis,1
10.0.0.52,52181,10.3.0.9,2001,tcp,INT,0,0,0,0,0,0,0,-,0,0,0,0,0,0,0,0,0,0,0,0,0,0,0,0,0,0,0,0,0,0,0,0,0,0,0,0,0,0,0,0,0,Analysis,1
10.0.0.52,52182,10.3.0.9,2002,tcp,INT,0,0,0,0,0,0,0,-,0,0,0,0,0,0,0,0,0,0,0,0,0,0,0,0,0,0,0,0,0,0,0,0,0,0,0,0,0,0,0,0,0,Analysis,1
10.0.0.52,52183,10.3.0.9,2003,tcp,INT,0,0,0,0,0,0,0,-,0,0,0,0,0,0,0,0,0,0,0,0,0,0,0,0,0,0,0,0,0,0,0,0,0,0,0,0,0,0,0,0,0,Analysis,1
10.0.0.52,52184,10.3.0.9,2004,tcp,INT,0,0,0,0,0,0,0,-,0,0,0,0,0,0,0,0,0,0,0,0,0,0,0,0,0,0,0,0,0,0,0,0,0,0,0,0,0,0,0,0,0,Analysis,1
10.0.0.52,52185,10.3.0.9,2005,tcp,INT,0,0,0,0,0,0,0,-,0,0,0,0,0,0,0,0,0,0,0,0,0,0,0,0,0,0,0,0,0,0,0,0,0,0,0,0,0,0,0,0,0,Analysis,1
10.0.0.52,52186,10.3.0.9,2006,tcp,INT,0,0,0,0,0,0,0,-,0,0,0,0,0,0,0,0,0,0,0,0,0,0,0,0,0,0,0,0,0,0,0,0,0,0,0,0,0,0,0,0,0,Analysis,1
10.0.0.52,52187,10.3.0.9,2007,tcp,INT,0,0,0,0,0,0,0,-,0,0,0,0,0,0,0,0,0,0,0,0,0,0,0,0,0,0,0,0,0,0,0,0,0,0,0,0,0,0,0,0,0,Analysis,1
10.0.0.52,52188,10.3.0.9,2008,tcp,INT,0,0,0,0,0,0,0,-,0,0,0,0,0,0,0,0,0,0,0,0,0,0,0,0,0,0,0,0,0,0,0,0,0,0,0,0,0,0,0,0,0,Analysis,1
10.0.0.52,52189,10.3.0.9,2009,tcp,INT,0,0,0,0,0,0,0,-,0,0,0,0,0,0,0,0,0,0,0,0,0,0,0,0,0,0,0,0,0,0,0,0,0,0,0,0,0,0,0,0,0,Analysis,1
10.0.0.52,52190,10.3.0.9,2010,tcp,INT,0,0,0,0,0,0,0,-,0,0,0,0,0,0,0,0,0,0,0,0,0,0,0,0,0,0,0,0,0,0,0,0,0,0,0,0,0,0,0,0,0,Analysis,1
10.0.0.52,52191,10.3.0.9,2011,tcp,INT,0,0,0,0,0,0,0,-,0,0,0,0,0,0,0,0,0,0,0,0,0,0,0,0,0,0,0,0,0,0,0,0,0,0,0,0,0,0,0,0,0,Analysis,1
10.0.0.52,52192,10.3.0.9,2012,tcp,INT,0,0,0,0,0,0,0,-,0,0,0,0,0,0,0,0,0,0,0,0,0,0,0,0,0,0,0,0,0,0,0,0,0,0,0,0,0,0,0,0,0,Analysis,1
10.0.0.52,52193,10.3.0.9,2013,tcp,INT,0,0,0,0,0,0,0,-,0,0,0,0,0,0,0,0,0,0,0,0,0,0,0,0,0,0,0,0,0,0,0,0,0,0,0,0,0,0,0,0,0,Analysis,1
10.0.0.52,52194,10.3.0.9,2014,tcp,INT,0,0,0,0,0,0,0,-,0,0,0,0,0,0,0,0,0,0,0,0,0,0,0,0,0,0,0,0,0,0,0,0,0,0,0,0,0,0,0,0,0,Analysis,1
10.0.0.52,52195,10.3.0.9,2015,tcp,INT,0,0,0,0,0,0,0,-,0,0,0,0,0,0,0,0,0,0,0,0,0,0,0,0,0,0,0,0,0,0,0,0,0,0,0,0,0,0,0,0,0,Analysis,1
10.0.0.52,52196,10.3.0.9,2016,tcp,INT,0,0,0,0,0,0,0,-,0,0,0,0,0,0,0,0,0,0,0,0,0,0,0,0,0,0,0,0,0,0,0,0,0,0,0,0,0,0,0,0,0,Analysis,1
10.0.0.52,52197,10.3.0.9,2017,tcp,INT,0,0,0,0,0,0,0,-,0,0,0,0,0,0,0,0,0,0,0,0,0,0,0,0,0,0,0,0,0,0,0,0,0,0,0,0,0,0,0,0,0,Analysis,1
10.0.0.52,52198,10.3.0.9,2018,tcp,INT,0,0,0,0,0,0,0,-,0,0,0,0,0,0,0,0,0,0,0,0,0,0,0,0,0,0,0,0,0,0,0,0,0,0,0,0,0,0,0,0,0,Analysis,1
10.0.0.52,52199,10.3.0.9,2019,tcp,INT,0,0,0,0,0,0,0,-,0,0,0,0,0,0,0,0,0,0,0,0,0,0,0,0,0,0,0,0,0,0,0,0,0,0,0,0,0,0,0,0,0,Analysis,1
10.0.0.52,52200,10.3.0.10,2000,tcp,INT,0,0,0,0,0,0,0,-,0,0,0,0,0,0,0,0,0,0,0,0,0,0,0,0,0,0,0,0,0,0,0,0,0,0,0,0,0,0,0,0,0,Analysis,1
10.0.0.52,52201,10.3.0.10,2001,tcp,INT,0,0,0,0,0,0,0,-,0,0,0,0,0,0,0,0,0,0,0,0,0,0,0,0,0,0,0,0,0,0,0,0,0,0,0,0,0,0,0,0,0,Analysis,1
10.0.0.52,52202,10.3.0.10,2002,tcp,INT,0,0,0,0,0,0,0,-,0,0,0,0,0,0,0,0,0,0,0,0,0,0,0,0,0,0,0,0,0,0,0,0,0,0,0,0,0,0,0,0,0,Analysis,1
10.0.0.52,52203,10.3.0.10,2003,tcp,INT,0,0,0,0,0,0,0,-,0,0,0,0,0,0,0,0,0,0,0,0,0,0,0,0,0,0,0,0,0,0,0,0,0,0,0,0,0,0,0,0,0,Analysis,1
10.0.0.52,52204,10.3.0.10,2004,tcp,INT,0,0,0,0,0,0,0,-,0,0,0,0,0,0,0,0,0,0,0,0,0,0,0,0,0,0,0,0,0,0,0,0,0,0,0,0,0,0,0,0,0,Analysis,1
10.0.0.52,52205,10.3.0.10,2005,tcp,INT,0,0,0,0,0,0,0,-,0,0,0,0,0,0,0,0,0,0,0,0,0,0,0,0,0,0,0,0,0,0,0,0,0,0,0,0,0,0,0,0,0,Analysis,1
10.0.0.52,52206,10.3.0.10,2006,tcp,INT,0,0,0,0,0,0,0,-,0,0,0,0,0,0,0,0,0,0,0,0,0,0,0,0,0,0,0,0,0,0,0,0,0,0,0,0,0,0,0,0,0,Analysis,1
10.0.0.52,52207,10.3.0.10,2007,tcp,INT,0,0,0,0,0,0,0,-,0,0,0,0,0,0,0,0,0,0,0,0,0,0,0,0,0,0,0,0,0,0,0,0,0,0,0,0,0,0,0,0,0,Analysis,1
10.0.0.52,52208,10.3.0.10,2008,tcp,INT,0,0,0,0,0,0,0,-,0,0,0,0,0,0,0,0,0,0,0,0,0,0,0,0,0,0,0,0,0,0,0,0,0,0,0,0,0,0,0,0,0,Analysis,1
10.0.0.52,52209,10.3.0.10,2009,tcp,INT,0,0,0,0,0,0,0,-,0,0,0,0,0,0,0,0,0,0,0,0,0,0,0,0,0,0,0,0,0,0,0,0,0,0,0,0,0,0,0,0,0,Analysis,1
10.0.0.52,52210,10.3.0.10,2010,tcp,INT,0,0,0,0,0,0,0,-,0,0,0,0,0,0,0,0,0,0,0,0,0,0,0,0,0,0,0,0,0,0,0,0,0,0,0,0,0,0,0,0,0,Analysis,1
10.0.0.52,52211,10.3.0.10,2011,tcp,INT,0,0,0,0,0,0,0,-,0,0,0,0,0,0,0,0,0,0,0,0,0,0,0,0,0,0,0,0,0,0,0,0,0,0,0,0,0,0,0,0,0,Analysis,1
10.0.0.52,52212,10.3.0.10,2012,tcp,INT,0,0,0,0,0,0,0,-,0,0,0,0,0,0,0,0,0,0,0,0,0,0,0,0,0,0,0,0,0,0,0,0,0,0,0,0,0,0,0,0,0,Analysis,1
10.0.0.52,52213,10.3.0.10,2013,tcp,INT,0,0,0,0,0,0,0,-,0,0,0,0,0,0,0,0,0,0,0,0,0,0,0,0,0,0,0,0,0,0,0,0,0,0,0,0,0,0,0,0,0,Analysis,1
10.0.0.52,52214,10.3.0.10,2014,tcp,INT,0,0,0,0,0,0,0,-,0,0,0,0,0,0,0,0,0,0,0,0,0,0,0,0,0,0,0,0,0,0,0,0,0,0,0,0,0,0,0,0,0,Analysis,1
10.0.0.52,52215,10.3.0.10,2015,tcp,INT,0,0,0,0,0,0,0,-,0,0,0,0,0,0,0,0,0,0,0,0,0,0,0,0,0,0,0,0,0,0,0,0,0,0,0,0,0,0,0,0,0,Analysis,1
10.0.0.52,52216,10.3.0.10,2016,tcp,INT,0,0,0,0,0,0,0,-,0,0,0,0,0,0,0,0,0,0,0,0,0,0,0,0,0,0,0,0,0,0,0,0,0,0,0,0,0,0,0,0,0,Analysis,1
10.0.0.52,52217,10.3.0.10,2017,tcp,INT,0,0,0,0,0,0,0,-,0,0,0,0,0,0,0,0,0,0,0,0,0,0,0,0,0,0,0,0,0,0,0,0,0,0,0,0,0,0,0,0,0,Analysis,1
10.0.0.52,52218,10.3.0.10,2018,tcp,INT,0,0,0,0,0,0,0,-,0,0,0,0,0,0,0,0,0,0,0,0,0,0,0,0,0,0,0,0,0,0,0,0,0,0,0,0,0,0,0,0,0,Analysis,1
10.0.0.52,52219,10.3.0.10,2019,tcp,INT,0,0,0,0,0,0,0,-,0,0,0,0,0,0,0,0,0,0,0,0,0,0,0,0,0,0,0,0,0,0,0,0,0,0,0,0,0,0,0,0,0,Analysis,1
10.0.0.52,52220,10.3.0.11,2000,tcp,INT,0,0,0,0,0,0,0,-,0,0,0,0,0,0,0,0,0,0,0,0,0,0,0,0,0,0,0,0,0,0,0,0,0,0,0,0,0,0,0,0,0,Analysis,1
10.0.0.52,52221,10.3.0.11,2001,tcp,INT,0,0,0,0,0,0,0,-,0,0,0,0,0,0,0,0,0,0,0,0,0,0,0,0,0,0,0,0,0,0,0,0,0,0,0,0,0,0,0,0,0,Analysis,1
10.0.0.52,52222,10.3.0.11,2002,tcp,INT,0,0,0,0,0,0,0,-,0,0,0,0,0,0,0,0,0,0,0,0,0,0,0,0,0,0,0,0,0,0,0,0,0,0,0,0,0,0,0,0,0,Analysis,1
10.0.0.52,52223,10.3.0.11,2003,tcp,INT,0,0,0,0,0,0,0,-,0,0,0,0,0,0,0,0,0,0,0,0,0,0,0,0,0,0,0,0,0,0,0,0,0,0,0,0,0,0,0,0,0,Analysis,1
10.0.0.52,52224,10.3.0.11,2004,tcp,INT,0,0,0,0,0,0,0,-,0,0,0,0,0,0,0,0,0,0,0,0,0,0,0,0,0,0,0,0,0,0,0,0,0,0,0,0,0,0,0,0,0,Analysis,1
10.0.0.52,52225,10.3.0.11,2005,tcp,INT,0,0,0,0,0,0,0,-,0,0,0,0,0,0,0,0,0,0,0,0,0,0,0,0,0,0,0,0,0,0,0,0,0,0,0,0,0,0,0,0,0,Analysis,1
10.0.0.52,52226,10.3.0.11,2006,tcp,INT,0,0,0,0,0,0,0,-,0,0,0,0,0,0,0,0,0,0,0,0,0,0,0,0,0,0,0,0,0,0,0,0,0,0,0,0,0,0,0,0,0,Analysis,1
10.0.0.52,52227,10.3.0.11,2007,tcp,INT,0,0,0,0,0,0,0,-,0,0,0,0,0,0,0,0,0,0,0,0,0,0,0,0,0,0,0,0,0,0,0,0,0,0,0,0,0,0,0,0,0,Analysis,1
10.0.0.52,52228,10.3.0.11,2008,tcp,INT,0,0,0,0,0,0,0,-,0,0,0,0,0,0,0,0,0,0,0,0,0,0,0,0,0,0,0,0,0,0,0,0,0,0,0,0,0,0,0,0,0,Analysis,1
10.0.0.52,52229,10.3.0.11,2009,tcp,INT,0,0,0,0,0,0,0,-,0,0,0,0,0,0,0,0,0,0,0,0,0,0,0,0,0,0,0,0,0,0,0,0,0,0,0,0,0,0,0,0,0,Analysis,1
10.0.0.52,52230,10.3.0.11,2010,tcp,INT,0,0,0,0,0,0,0,-,0,0,0,0,0,0,0,0,0,0,0,0,0,0,0,0,0,0,0,0,0,0,0,0,0,0,0,0,0,0,0,0,0,Analysis,1
10.0.0.52,52231,10.3.0.11,2011,tcp,INT,0,0,0,0,0,0,0,-,0,0,0,0,0,0,0,0,0,0,0,0,0,0,0,0,0,0,0,0,0,0,0,0,0,0,0,0,0,0,0,0,0,Analysis,1
10.0.0.52,52232,10.3.0.11,2012,tcp,INT,0,0,0,0,0,0,0,-,0,0,0,0,0,0,0,0,0,0,0,0,0,0,0,0,0,0,0,0,0,0,0,0,0,0,0,0,0,0,0,0,0,Analysis,1
10.0.0.52,52233,10.3.0.11,2013,tcp,INT,0,0,0,0,0,0,0,-,0,0,0,0,0,0,0,0,0,0,0,0,0,0,0,0,0,0,0,0,0,0,0,0,0,0,0,0,0,0,0,0,0,Analysis,1
10.0.0.52,52234,10.3.0.11,2014,tcp,INT,0,0,0,0,0,0,0,-,0,0,0,0,0,0,0,0,0,0,0,0,0,0,0,0,0,0,0,0,0,0,0,0,0,0,0,0,0,0,0,0,0,Analysis,1
10.0.0.52,52235,10.3.0.11,2015,tcp,INT,0,0,0,0,0,0,0,-,0,0,0,0,0,0,0,0,0,0,0,0,0,0,0,0,0,0,0,0,0,0,0,0,0,0,0,0,0,0,0,0,0,Analysis,1
10.0.0.52,52236,10.3.0.11,2016,tcp,INT,0,0,0,0,0,0,0,-,0,0,0,0,0,0,0,0,0,0,0,0,0,0,0,0,0,0,0,0,0,0,0,0,0,0,0,0,0,0,0,0,0,Analysis,1
10.0.0.52,52237,10.3.0.11,2017,tcp,INT,0,0,0,0,0,0,0,-,0,0,0,0,0,0,0,0,0,0,0,0,0,0,0,0,0,0,0,0,0,0,0,0,0,0,0,0,0,0,0,0,0,Analysis,1
10.0.0.52,52238,10.3.0.11,2018,tcp,INT,0,0,0,0,0,0,0,-,0,0,0,0,0,0,0,0,0,0,0,0,0,0,0,0,0,0,0,0,0,0,0,0,0,0,0,0,0,0,0,0,0,Analysis,1
10.0.0.52,52239,10.3.0.11,2019,tcp,INT,0,0,0,0,0,0,0,-,0,0,0,0,0,0,0,0,0,0,0,0,0,0,0,0,0,0,0,0,0,0,0,0,0,0,0,0,0,0,0,0,0,Analysis,1
10.0.0.52,52240,10.3.0.12,2000,tcp,INT,0,0,0,0,0,0,0,-,0,0,0,0,0,0,0,0,0,0,0,0,0,0,0,0,0,0,0,0,0,0,0,0,0,0,0,0,0,0,0,0,0,Analysis,1
10.0.0.52,52241,10.3.0.12,2001,tcp,INT,0,0,0,0,0,0,0,-,0,0,0,0,0,0,0,0,0,0,0,0,0,0,0,0,0,0,0,0,0,0,0,0,0,0,0,0,0,0,0,0,0,Analysis,1
10.0.0.52,52242,10.3.0.12,2002,tcp,INT,0,0,0,0,0,0,0,-,0,0,0,0,0,0,0,0,0,0,0,0,0,0,0,0,0,0,0,0,0,0,0,0,0,0,0,0,0,0,0,0,0,Analysis,1
10.0.0.52,52243,10.3.0.12,2003,tcp,INT,0,0,0,0,0,0,0,-,0,0,0,0,0,0,0,0,0,0,0,0,0,0,0,0,0,0,0,0,0,0,0,0,0,0,0,0,0,0,0,0,0,Analysis,1
10.0.0.52,52244,10.3.0.12,2004,tcp,INT,0,0,0,0,0,0,0,-,0,0,0,0,0,0,0,0,0,0,0,0,0,0,0,0,0,0,0,0,0,0,0,0,0,0,0,0,0,0,0,0,0,Analysis,1
10.0.0.52,52245,10.3.0.12,2005,tcp,INT,0,0,0,0,0,0,0,-,0,0,0,0,0,0,0,0,0,0,0,0,0,0,0,0,0,0,0,0,0,0,0,0,0,0,0,0,0,0,0,0,0,Analysis,1
10.0.0.52,52246,10.3.0.12,2006,tcp,INT,0,0,0,0,0,0,0,-,0,0,0,0,0,0,0,0,0,0,0,0,0,0,0,0,0,0,0,0,0,0,0,0,0,0,0,0,0,0,0,0,0,Analysis,1
10.0.0.52,52247,10.3.0.12,2007,tcp,INT,0,0,0,0,0,0,0,-,0,0,0,0,0,0,0,0,0,0,0,0,0,0,0,0,0,0,0,0,0,0,0,0,0,0,0,0,0,0,0,0,0,Analysis,1
10.0.0.52,52248,10.3.0.12,2008,tcp,INT,0,0,0,0,0,0,0,-,0,0,0,0,0,0,0,0,0,0,0,0,0,0,0,0,0,0,0,0,0,0,0,0,0,0,0,0,0,0,0,0,0,Analysis,1
10.0.0.52,52249,10.3.0.12,2009,tcp,INT,0,0,0,0,0,0,0,-,0,0,0,0,0,0,0,0,0,0,0,0,0,0,0,0,0,0,0,0,0,0,0,0,0,0,0,0,0,0,0,0,0,Analysis,1
10.0.0.52,52250,10.3.0.12,2010,tcp,INT,0,0,0,0,0,0,0,-,0,0,0,0,0,0,0,0,0,0,0,0,0,0,0,0,0,0,0,0,0,0,0,0,0,0,0,0,0,0,0,0,0,Analysis,1
10.0.0.52,52251,10.3.0.12,2011,tcp,INT,0,0,0,0,0,0,0,-,0,0,0,0,0,0,0,0,0,0,0,0,0,0,0,0,0,0,0,0,0,0,0,0,0,0,0,0,0,0,0,0,0,Analysis,1
10.0.0.52,52252,10.3.0.12,2012,tcp,INT,0,0,0,0,0,0,0,-,0,0,0,0,0,0,0,0,0,0,0,0,0,0,0,0,0,0,0,0,0,0,0,0,0,0,0,0,0,0,0,0,0,Analysis,1
10.0.0.52,52253,10.3.0.12,2013,tcp,INT,0,0,0,0,0,0,0,-,0,0,0,0,0,0,0,0,0,0,0,0,0,0,0,0,0,0,0,0,0,0,0,0,0,0,0,0,0,0,0,0,0,Analysis,1
10.0.0.52,52254,10.3.0.12,2014,tcp,INT,0,0,0,0,0,0,0,-,0,0,0,0,0,0,0,0,0,0,0,0,0,0,0,0,0,0,0,0,0,0,0,0,0,0,0,0,0,0,0,0,0,Analysis,1
10.0.0.52,52255,10.3.0.12,2015,tcp,INT,0,0,0,0,0,0,0,-,0,0,0,0,0,0,0,0,0,0,0,0,0,0,0,0,0,0,0,0,0,0,0,0,0,0,0,0,0,0,0,0,0,Analysis,1
10.0.0.52,52256,10.3.0.12,2016,tcp,INT,0,0,0,0,0,0,0,-,0,0,0,0,0,0,0,0,0,0,0,0,0,0,0,0,0,0,0,0,0,0,0,0,0,0,0,0,0,0,0,0,0,Analysis,1
10.0.0.52,52257,10.3.0.12,2017,tcp,INT,0,0,0,0,0,0,0,-,0,0,0,0,0,0,0,0,0,0,0,0,0,0,0,0,0,0,0,0,0,0,0,0,0,0,0,0,0,0,0,0,0,Analysis,1
10.0.0.52,52258,10.3.0.12,2018,tcp,INT,0,0,0,0,0,0,0,-,0,0,0,0,0,0,0,0,0,0,0,0,0,0,0,0,0,0,0,0,0,0,0,0,0,0,0,0,0,0,0,0,0,Analysis,1
10.0.0.52,52259,10.3.0.12,2019,tcp,INT,0,0,0,0,0,0,0,-,0,0,0,0,0,0,0,0,0,0,0,0,0,0,0,0,0,0,0,0,0,0,0,0,0,0,0,0,0,0,0,0,0,Analysis,1
10.0.0.52,52260,10.3.0.13,2000,tcp,INT,0,0,0,0,0,0,0,-,0,0,0,0,0,0,0,0,0,0,0,0,0,0,0,0,0,0,0,0,0,0,0,0,0,0,0,0,0,0,0,0,0,Analysis,1
10.0.0.52,52261,10.3.0.13,2001,tcp,INT,0,0,0,0,0,0,0,-,0,0,0,0,0,0,0,0,0,0,0,0,0,0,0,0,0,0,0,0,0,0,0,0,0,0,0,0,0,0,0,0,0,Analysis,1
10.0.0.52,52262,10.3.0.13,2002,tcp,INT,0,0,0,0,0,0,0,-,0,0,0,0,0,0,0,0,0,0,0,0,0,0,0,0,0,0,0,0,0,0,0,0,0,0,0,0,0,0,0,0,0,Analysis,1
10.0.0.52,52263,10.3.0.13,2003,tcp,INT,0,0,0,0,0,0,0,-,0,0,0,0,0,0,0,0,0,0,0,0,0,0,0,0,0,0,0,0,0,0,0,0,0,0,0,0,0,0,0,0,0,Analysis,1
10.0.0.52,52264,10.3.0.13,2004,tcp,INT,0,0,0,0,0,0,0,-,0,0,0,0,0,0,0,0,0,0,0,0,0,0,0,0,0,0,0,0,0,0,0,0,0,0,0,0,0,0,0,0,0,Analysis,1
10.0.0.52,52265,10.3.0.13,2005,tcp,INT,0,0,0,0,0,0,0,-,0,0,0,0,0,0,0,0,0,0,0,0,0,0,0,0,0,0,0,0,0,0,0,0,0,0,0,0,0,0,0,0,0,Analysis,1
10.0.0.52,52266,10.3.0.13,2006,tcp,INT,0,0,0,0,0,0,0,-,0,0,0,0,0,0,0,0,0,0,0,0,0,0,0,0,0,0,0,0,0,0,0,0,0,0,0,0,0,0,0,0,0,Analysis,1
10.0.0.52,52267,10.3.0.13,2007,tcp,INT,0,0,0,0,0,0,0,-,0,0,0,0,0,0,0,0,0,0,0,0,0,0,0,0,0,0,0,0,0,0,0,0,0,0,0,0,0,0,0,0,0,Analysis,1
10.0.0.52,52268,10.3.0.13,2008,tcp,INT,0,0,0,0,0,0,0,-,0,0,0,0,0,0,0,0,0,0,0,0,0,0,0,0,0,0,0,0,0,0,0,0,0,0,0,0,0,0,0,0,0,Analysis,1
10.0.0.52,52269,10.3.0.13,2009,tcp,INT,0,0,0,0,0,0,0,-,0,0,0,0,0,0,0,0,0,0,0,0,0,0,0,0,0,0,0,0,0,0,0,0,0,0,0,0,0,0,0,0,0,Analysis,1
10.0.0.52,52270,10.3.0.13,2010,tcp,INT,0,0,0,0,0,0,0,-,0,0,0,0,0,0,0,0,0,0,0,0,0,0,0,0,0,0,0,0,0,0,0,0,0,0,0,0,0,0,0,0,0,Analysis,1
10.0.0.52,52271,10.3.0.13,2011,tcp,INT,0,0,0,0,0,0,0,-,0,0,0,0,0,0,0,0,0,0,0,0,0,0,0,0,0,0,0,0,0,0,0,0,0,0,0,0,0,0,0,0,0,Analysis,1
10.0.0.52,52272,10.3.0.13,2012,tcp,INT,0,0,0,0,0,0,0,-,0,0,0,0,0,0,0,0,0,0,0,0,0,0,0,0,0,0,0,0,0,0,0,0,0,0,0,0,0,0,0,0,0,Analysis,1
10.0.0.52,52273,10.3.0.13,2013,tcp,INT,0,0,0,0,0,0,0,-,0,0,0,0,0,0,0,0,0,0,0,0,0,0,0,0,0,0,0,0,0,0,0,0,0,0,0,0,0,0,0,0,0,Analysis,1
10.0.0.52,52274,10.3.0.13,2014,tcp,INT,0,0,0,0,0,0,0,-,0,0,0,0,0,0,0,0,0,0,0,0,0,0,0,0,0,0,0,0,0,0,0,0,0,0,0,0,0,0,0,0,0,Analysis,1
10.0.0.52,52275,10.3.0.13,2015,tcp,INT,0,0,0,0,0,0,0,-,0,0,0,0,0,0,0,0,0,0,0,0,0,0,0,0,0,0,0,0,0,0,0,0,0,0,0,0,0,0,0,0,0,Analysis,1
10.0.0.52,52276,10.3.0.13,2016,tcp,INT,0,0,0,0,0,0,0,-,0,0,0,0,0,0,0,0,0,0,0,0,0,0,0,0,0,0,0,0,0,0,0,0,0,0,0,0,0,0,0,0,0,Analysis,1
10.0.0.52,52277,10.3.0.13,2017,tcp,INT,0,0,0,0,0,0,0,-,0,0,0,0,0,0,0,0,0,0,0,0,0,0,0,0,0,0,0,0,0,0,0,0,0,0,0,0,0,0,0,0,0,Analysis,1
10.0.0.52,52278,10.3.0.13,2018,tcp,INT,0,0,0,0,0,0,0,-,0,0,0,0,0,0,0,0,0,0,0,0,0,0,0,0,0,0,0,0,0,0,0,0,0,0,0,0,0,0,0,0,0,Analysis,1
10.0.0.52,52279,10.3.0.13,2019,tcp,INT,0,0,0,0,0,0,0,-,0,0,0,0,0,0,0,0,0,0,0,0,0,0,0,0,0,0,0,0,0,0,0,0,0,0,0,0,0,0,0,0,0,Analysis,1
10.0.0.52,52280,10.3.0.14,2000,tcp,INT,0,0,0,0,0,0,0,-,0,0,0,0,0,0,0,0,0,0,0,0,0,0,0,0,0,0,0,0,0,0,0,0,0,0,0,0,0,0,0,0,0,Analysis,1
10.0.0.52,52281,10.3.0.14,2001,tcp,INT,0,0,0,0,0,0,0,-,0,0,0,0,0,0,0,0,0,0,0,0,0,0,0,0,0,0,0,0,0,0,0,0,0,0,0,0,0,0,0,0,0,Analysis,1
10.0.0.52,52282,10.3.0.14,2002,tcp,INT,0,0,0,0,0,0,0,-,0,0,0,0,0,0,0,0,0,0,0,0,0,0,0,0,0,0,0,0,0,0,0,0,0,0,0,0,0,0,0,0,0,Analysis,1
10.0.0.52,52283,10.3.0.14,2003,tcp,INT,0,0,0,0,0,0,0,-,0,0,0,0,0,0,0,0,0,0,0,0,0,0,0,0,0,0,0,0,0,0,0,0,0,0,0,0,0,0,0,0,0,Analysis,1
10.0.0.52,52284,10.3.0.14,2004,tcp,INT,0,0,0,0,0,0,0,-,0,0,0,0,0,0,0,0,0,0,0,0,0,0,0,0,0,0,0,0,0,0,0,0,0,0,0,0,0,0,0,0,0,Analysis,1
10.0.0.52,52285,10.3.0.14,2005,tcp,INT,0,0,0,0,0,0,0,-,0,0,0,0,0,0,0,0,0,0,0,0,0,0,0,0,0,0,0,0,0,0,0,0,0,0,0,0,0,0,0,0,0,Analysis,1
10.0.0.52,52286,10.3.0.14,2006,tcp,INT,0,0,0,0,0,0,0,-,0,0,0,0,0,0,0,0,0,0,0,0,0,0,0,0,0,0,0,0,0,0,0,0,0,0,0,0,0,0,0,0,0,Analysis,1
10.0.0.52,52287,10.3.0.14,2007,tcp,INT,0,0,0,0,0,0,0,-,0,0,0,0,0,0,0,0,0,0,0,0,0,0,0,0,0,0,0,0,0,0,0,0,0,0,0,0,0,0,0,0,0,Analysis,1
10.0.0.52,52288,10.3.0.14,2008,tcp,INT,0,0,0,0,0,0,0,-,0,0,0,0,0,0,0,0,0,0,0,0,0,0,0,0,0,0,0,0,0,0,0,0,0,0,0,0,0,0,0,0,0,Analysis,1
10.0.0.52,52289,10.3.0.14,2009,tcp,INT,0,0,0,0,0,0,0,-,0,0,0,0,0,0,0,0,0,0,0,0,0,0,0,0,0,0,0,0,0,0,0,0,0,0,0,0,0,0,0,0,0,Analysis,1
10.0.0.52,52290,10.3.0.14,2010,tcp,INT,0,0,0,0,0,0,0,-,0,0,0,0,0,0,0,0,0,0,0,0,0,0,0,0,0,0,0,0,0,0,0,0,0,0,0,0,0,0,0,0,0,Analysis,1
10.0.0.52,52291,10.3.0.14,2011,tcp,INT,0,0,0,0,0,0,0,-,0,0,0,0,0,0,0,0,0,0,0,0,0,0,0,0,0,0,0,0,0,0,0,0,0,0,0,0,0,0,0,0,0,Analysis,1
10.0.0.52,52292,10.3.0.14,2012,tcp,INT,0,0,0,0,0,0,0,-,0,0,0,0,0,0,0,0,0,0,0,0,0,0,0,0,0,0,0,0,0,0,0,0,0,0,0,0,0,0,0,0,0,Analysis,1
10.0.0.52,52293,10.3.0.14,2013,tcp,INT,0,0,0,0,0,0,0,-,0,0,0,0,0,0,0,0,0,0,0,0,0,0,0,0,0,0,0,0,0,0,0,0,0,0,0,0,0,0,0,0,0,Analysis,1
10.0.0.52,52294,10.3.0.14,2014,tcp,INT,0,0,0,0,0,0,0,-,0,0,0,0,0,0,0,0,0,0,0,0,0,0,0,0,0,0,0,0,0,0,0,0,0,0,0,0,0,0,0,0,0,Analysis,1
10.0.0.52,52295,10.3.0.14,2015,tcp,INT,0,0,0,0,0,0,0,-,0,0,0,0,0,0,0,0,0,0,0,0,0,0,0,0,0,0,0,0,0,0,0,0,0,0,0,0,0,0,0,0,0,Analysis,1
10.0.0.52,52296,10.3.0.14,2016,tcp,INT,0,0,0,0,0,0,0,-,0,0,0,0,0,0,0,0,0,0,0,0,0,0,0,0,0,0,0,0,0,0,0,0,0,0,0,0,0,0,0,0,0,Analysis,1
10.0.0.52,52297,10.3.0.14,2017,tcp,INT,0,0,0,0,0,0,0,-,0,0,0,0,0,0,0,0,0,0,0,0,0,0,0,0,0,0,0,0,0,0,0,0,0,0,0,0,0,0,0,0,0,Analysis,1
10.0.0.52,52298,10.3.0.14,2018,tcp,INT,0,0,0,0,0,0,0,-,0,0,0,0,0,0,0,0,0,0,0,0,0,0,0,0,0,0,0,0,0,0,0,0,0,0,0,0,0,0,0,0,0,Analysis,1
10.0.0.52,52299,10.3.0.14,2019,tcp,INT,0,0,0,0,0,0,0,-,0,0,0,0,0,0,0,0,0,0,0,0,0,0,0,0,0,0,0,0,0,0,0,0,0,0,0,0,0,0,0,0,0,Analysis,1
10.0.0.52,52300,10.3.0.15,2000,tcp,INT,0,0,0,0,0,0,0,-,0,0,0,0,0,0,0,0,0,0,0,0,0,0,0,0,0,0,0,0,0,0,0,0,0,0,0,0,0,0,0,0,0,Analysis,1
10.0.0.52,52301,10.3.0.15,2001,tcp,INT,0,0,0,0,0,0,0,-,0,0,0,0,0,0,0,0,0,0,0,0,0,0,0,0,0,0,0,0,0,0,0,0,0,0,0,0,0,0,0,0,0,Analysis,1
10.0.0.52,52302,10.3.0.15,2002,tcp,INT,0,0,0,0,0,0,0,-,0,0,0,0,0,0,0,0,0,0,0,0,0,0,0,0,0,0,0,0,0,0,0,0,0,0,0,0,0,0,0,0,0,Analysis,1
10.0.0.52,52303,10.3.0.15,2003,tcp,INT,0,0,0,0,0,0,0,-,0,0,0,0,0,0,0,0,0,0,0,0,0,0,0,0,0,0,0,0,0,0,0,0,0,0,0,0,0,0,0,0,0,Analysis,1
10.0.0.52,52304,10.3.0.15,2004,tcp,INT,0,0,0,0,0,0,0,-,0,0,0,0,0,0,0,0,0,0,0,0,0,0,0,0,0,0,0,0,0,0,0,0,0,0,0,0,0,0,0,0,0,Analysis,1
10.0.0.52,52305,10.3.0.15,2005,tcp,INT,0,0,0,0,0,0,0,-,0,0,0,0,0,0,0,0,0,0,0,0,0,0,0,0,0,0,0,0,0,0,0,0,0,0,0,0,0,0,0,0,0,Analysis,1
10.0.0.52,52306,10.3.0.15,2006,tcp,INT,0,0,0,0,0,0,0,-,0,0,0,0,0,0,0,0,0,0,0,0,0,0,0,0,0,0,0,0,0,0,0,0,0,0,0,0,0,0,0,0,0,Analysis,1
10.0.0.52,52307,10.3.0.15,2007,tcp,INT,0,0,0,0,0,0,0,-,0,0,0,0,0,0,0,0,0,0,0,0,0,0,0,0,0,0,0,0,0,0,0,0,0,0,0,0,0,0,0,0,0,Analysis,1
10.0.0.52,52308,10.3.0.15,2008,tcp,INT,0,0,0,0,0,0,0,-,0,0,0,0,0,0,0,0,0,0,0,0,0,0,0,0,0,0,0,0,0,0,0,0,0,0,0,0,0,0,0,0,0,Analysis,1
10.0.0.52,52309,10.3.0.15,2009,tcp,INT,0,0,0,0,0,0,0,-,0,0,0,0,0,0,0,0,0,0,0,0,0,0,0,0,0,0,0,0,0,0,0,0,0,0,0,0,0,0,0,0,0,Analysis,1
10.0.0.52,52310,10.3.0.15,2010,tcp,INT,0,0,0,0,0,0,0,-,0,0,0,0,0,0,0,0,0,0,0,0,0,0,0,0,0,0,0,0,0,0,0,0,0,0,0,0,0,0,0,0,0,Analysis,1
10.0.0.52,52311,10.3.0.15,2011,tcp,INT,0,0,0,0,0,0,0,-,0,0,0,0,0,0,0,0,0,0,0,0,0,0,0,0,0,0,0,0,0,0,0,0,0,0,0,0,0,0,0,0,0,Analysis,1
10.0.0.52,52312,10.3.0.15,2012,tcp,INT,0,0,0,0,0,0,0,-,0,0,0,0,0,0,0,0,0,0,0,0,0,0,0,0,0,0,0,0,0,0,0,0,0,0,0,0,0,0,0,0,0,Analysis,1
10.0.0.52,52313,10.3.0.15,2013,tcp,INT,0,0,0,0,0,0,0,-,0,0,0,0,0,0,0,0,0,0,0,0,0,0,0,0,0,0,0,0,0,0,0,0,0,0,0,0,0,0,0,0,0,Analysis,1
10.0.0.52,52314,10.3.0.15,2014,tcp,INT,0,0,0,0,0,0,0,-,0,0,0,0,0,0,0,0,0,0,0,0,0,0,0,0,0,0,0,0,0,0,0,0,0,0,0,0,0,0,0,0,0,Analysis,1
10.0.0.52,52315,10.3.0.15,2015,tcp,INT,0,0,0,0,0,0,0,-,0,0,0,0,0,0,0,0,0,0,0,0,0,0,0,0,0,0,0,0,0,0,0,0,0,0,0,0,0,0,0,0,0,Analysis,1
10.0.0.52,52316,10.3.0.15,2016,tcp,INT,0,0,0,0,0,0,0,-,0,0,0,0,0,0,0,0,0,0,0,0,0,0,0,0,0,0,0,0,0,0,0,0,0,0,0,0,0,0,0,0,0,Analysis,1
10.0.0.52,52317,10.3.0.15,2017,tcp,INT,0,0,0,0,0,0,0,-,0,0,0,0,0,0,0,0,0,0,0,0,0,0,0,0,0,0,0,0,0,0,0,0,0,0,0,0,0,0,0,0,0,Analysis,1
10.0.0.52,52318,10.3.0.15,2018,tcp,INT,0,0,0,0,0,0,0,-,0,0,0,0,0,0,0,0,0,0,0,0,0,0,0,0,0,0,0,0,0,0,0,0,0,0,0,0,0,0,0,0,0,Analysis,1
10.0.0.52,52319,10.3.0.15,2019,tcp,INT,0,0,0,0,0,0,0,-,0,0,0,0,0,0,0,0,0,0,0,0,0,0,0,0,0,0,0,0,0,0,0,0,0,0,0,0,0,0,0,0,0,Analysis,1
10.0.0.52,52320,10.3.0.16,2000,tcp,INT,0,0,0,0,0,0,0,-,0,0,0,0,0,0,0,0,0,0,0,0,0,0,0,0,0,0,0,0,0,0,0,0,0,0,0,0,0,0,0,0,0,Analysis,1
10.0.0.52,52321,10.3.0.16,2001,tcp,INT,0,0,0,0,0,0,0,-,0,0,0,0,0,0,0,0,0,0,0,0,0,0,0,0,0,0,0,0,0,0,0,0,0,0,0,0,0,0,0,0,0,Analysis,1
10.0.0.52,52322,10.3.0.16,2002,tcp,INT,0,0,0,0,0,0,0,-,0,0,0,0,0,0,0,0,0,0,0,0,0,0,0,0,0,0,0,0,0,0,0,0,0,0,0,0,0,0,0,0,0,Analysis,1
10.0.0.52,52323,10.3.0.16,2003,tcp,INT,0,0,0,0,0,0,0,-,0,0,0,0,0,0,0,0,0,0,0,0,0,0,0,0,0,0,0,0,0,0,0,0,0,0,0,0,0,0,0,0,0,Analysis,1
10.0.0.52,52324,10.3.0.16,2004,tcp,INT,0,0,0,0,0,0,0,-,0,0,0,0,0,0,0,0,0,0,0,0,0,0,0,0,0,0,0,0,0,0,0,0,0,0,0,0,0,0,0,0,0,Analysis,1
10.0.0.52,52325,10.3.0.16,2005,tcp,INT,0,0,0,0,0,0,0,-,0,0,0,0,0,0,0,0,0,0,0,0,0,0,0,0,0,0,0,0,0,0,0,0,0,0,0,0,0,0,0,0,0,Analysis,1
10.0.0.52,52326,10.3.0.16,2006,tcp,INT,0,0,0,0,0,0,0,-,0,0,0,0,0,0,0,0,0,0,0,0,0,0,0,0,0,0,0,0,0,0,0,0,0,0,0,0,0,0,0,0,0,Analysis,1
10.0.0.52,52327,10.3.0.16,2007,tcp,INT,0,0,0,0,0,0,0,-,0,0,0,0,0,0,0,0,0,0,0,0,0,0,0,0,0,0,0,0,0,0,0,0,0,0,0,0,0,0,0,0,0,Analysis,1
10.0.0.52,52328,10.3.0.16,2008,tcp,INT,0,0,0,0,0,0,0,-,0,0,0,0,0,0,0,0,0,0,0,0,0,0,0,0,0,0,0,0,0,0,0,0,0,0,0,0,0,0,0,0,0,Analysis,1
10.0.0.52,52329,10.3.0.16,2009,tcp,INT,0,0,0,0,0,0,0,-,0,0,0,0,0,0,0,0,0,0,0,0,0,0,0,0,0,0,0,0,0,0,0,0,0,0,0,0,0,0,0,0,0,Analysis,1
10.0.0.52,52330,10.3.0.16,2010,tcp,INT,0,0,0,0,0,0,0,-,0,0,0,0,0,0,0,0,0,0,0,0,0,0,0,0,0,0,0,0,0,0,0,0,0,0,0,0,0,0,0,0,0,Analysis,1
10.0.0.52,52331,10.3.0.16,2011,tcp,INT,0,0,0,0,0,0,0,-,0,0,0,0,0,0,0,0,0,0,0,0,0,0,0,0,0,0,0,0,0,0,0,0,0,0,0,0,0,0,0,0,0,Analysis,1
10.0.0.52,52332,10.3.0.16,2012,tcp,INT,0,0,0,0,0,0,0,-,0,0,0,0,0,0,0,0,0,0,0,0,0,0,0,0,0,0,0,0,0,0,0,0,0,0,0,0,0,0,0,0,0,Analysis,1
10.0.0.52,52333,10.3.0.16,2013,tcp,INT,0,0,0,0,0,0,0,-,0,0,0,0,0,0,0,0,0,0,0,0,0,0,0,0,0,0,0,0,0,0,0,0,0,0,0,0,0,0,0,0,0,Analysis,1
10.0.0.52,52334,10.3.0.16,2014,tcp,INT,0,0,0,0,0,0,0,-,0,0,0,0,0,0,0,0,0,0,0,0,0,0,0,0,0,0,0,0,0,0,0,0,0,0,0,0,0,0,0,0,0,Analysis,1
10.0.0.52,52335,10.3.0.16,2015,tcp,INT,0,0,0,0,0,0,0,-,0,0,0,0,0,0,0,0,0,0,0,0,0,0,0,0,0,0,0,0,0,0,0,0,0,0,0,0,0,0,0,0,0,Analysis,1
10.0.0.52,52336,10.3.0.16,2016,tcp,INT,0,0,0,0,0,0,0,-,0,0,0,0,0,0,0,0,0,0,0,0,0,0,0,0,0,0,0,0,0,0,0,0,0,0,0,0,0,0,0,0,0,Analysis,1
10.0.0.52,52337,10.3.0.16,2017,tcp,INT,0,0,0,0,0,0,0,-,0,0,0,0,0,0,0,0,0,0,0,0,0,0,0,0,0,0,0,0,0,0,0,0,0,0,0,0,0,0,0,0,0,Analysis,1
10.0.0.52,52338,10.3.0.16,2018,tcp,INT,0,0,0,0,0,0,0,-,0,0,0,0,0,0,0,0,0,0,0,0,0,0,0,0,0,0,0,0,0,0,0,0,0,0,0,0,0,0,0,0,0,Analysis,1
10.0.0.52,52339,10.3.0.16,2019,tcp,INT,0,0,0,0,0,0,0,-,0,0,0,0,0,0,0,0,0,0,0,0,0,0,0,0,0,0,0,0,0,0,0,0,0,0,0,0,0,0,0,0,0,Analysis,1
10.0.0.52,52340,10.3.0.17,2000,tcp,INT,0,0,0,0,0,0,0,-,0,0,0,0,0,0,0,0,0,0,0,0,0,0,0,0,0,0,0,0,0,0,0,0,0,0,0,0,0,0,0,0,0,Analysis,1
10.0.0.52,52341,10.3.0.17,2001,tcp,INT,0,0,0,0,0,0,0,-,0,0,0,0,0,0,0,0,0,0,0,0,0,0,0,0,0,0,0,0,0,0,0,0,0,0,0,0,0,0,0,0,0,Analysis,1
10.0.0.52,52342,10.3.0.17,2002,tcp,INT,0,0,0,0,0,0,0,-,0,0,0,0,0,0,0,0,0,0,0,0,0,0,0,0,0,0,0,0,0,0,0,0,0,0,0,0,0,0,0,0,0,Analysis,1
10.0.0.52,52343,10.3.0.17,2003,tcp,INT,0,0,0,0,0,0,0,-,0,0,0,0,0,0,0,0,0,0,0,0,0,0,0,0,0,0,0,0,0,0,0,0,0,0,0,0,0,0,0,0,0,Analysis,1
10.0.0.52,52344,10.3.0.17,2004,tcp,INT,0,0,0,0,0,0,0,-,0,0,0,0,0,0,0,0,0,0,0,0,0,0,0,0,0,0,0,0,0,0,0,0,0,0,0,0,0,0,0,0,0,Analysis,1
10.0.0.52,52345,10.3.0.17,2005,tcp,INT,0,0,0,0,0,0,0,-,0,0,0,0,0,0,0,0,0,0,0,0,0,0,0,0,0,0,0,0,0,0,0,0,0,0,0,0,0,0,0,0,0,Analysis,1
10.0.0.52,52346,10.3.0.17,2006,tcp,INT,0,0,0,0,0,0,0,-,0,0,0,0,0,0,0,0,0,0,0,0,0,0,0,0,0,0,0,0,0,0,0,0,0,0,0,0,0,0,0,0,0,Analysis,1
10.0.0.52,52347,10.3.0.17,2007,tcp,INT,0,0,0,0,0,0,0,-,0,0,0,0,0,0,0,0,0,0,0,0,0,0,0,0,0,0,0,0,0,0,0,0,0,0,0,0,0,0,0,0,0,Analysis,1
10.0.0.52,52348,10.3.0.17,2008,tcp,INT,0,0,0,0,0,0,0,-,0,0,0,0,0,0,0,0,0,0,0,0,0,0,0,0,0,0,0,0,0,0,0,0,0,0,0,0,0,0,0,0,0,Analysis,1
10.0.0.52,52349,10.3.0.17,2009,tcp,INT,0,0,0,0,0,0,0,-,0,0,0,0,0,0,0,0,0,0,0,0,0,0,0,0,0,0,0,0,0,0,0,0,0,0,0,0,0,0,0,0,0,Analysis,1
10.0.0.52,52350,10.3.0.17,2010,tcp,INT,0,0,0,0,0,0,0,-,0,0,0,0,0,0,0,0,0,0,0,0,0,0,0,0,0,0,0,0,0,0,0,0,0,0,0,0,0,0,0,0,0,Analysis,1
10.0.0.52,52351,10.3.0.17,2011,tcp,INT,0,0,0,0,0,0,0,-,0,0,0,0,0,0,0,0,0,0,0,0,0,0,0,0,0,0,0,0,0,0,0,0,0,0,0,0,0,0,0,0,0,Analysis,1
10.0.0.52,52352,10.3.0.17,2012,tcp,INT,0,0,0,0,0,0,0,-,0,0,0,0,0,0,0,0,0,0,0,0,0,0,0,0,0,0,0,0,0,0,0,0,0,0,0,0,0,0,0,0,0,Analysis,1
10.0.0.52,52353,10.3.0.17,2013,tcp,INT,0,0,0,0,0,0,0,-,0,0,0,0,0,0,0,0,0,0,0,0,0,0,0,0,0,0,0,0,0,0,0,0,0,0,0,0,0,0,0,0,0,Analysis,1
10.0.0.52,52354,10.3.0.17,2014,tcp,INT,0,0,0,0,0,0,0,-,0,0,0,0,0,0,0,0,0,0,0,0,0,0,0,0,0,0,0,0,0,0,0,0,0,0,0,0,0,0,0,0,0,Analysis,1
10.0.0.52,52355,10.3.0.17,2015,tcp,INT,0,0,0,0,0,0,0,-,0,0,0,0,0,0,0,0,0,0,0,0,0,0,0,0,0,0,0,0,0,0,0,0,0,0,0,0,0,0,0,0,0,Analysis,1
10.0.0.52,52356,10.3.0.17,2016,tcp,INT,0,0,0,0,0,0,0,-,0,0,0,0,0,0,0,0,0,0,0,0,0,0,0,0,0,0,0,0,0,0,0,0,0,0,0,0,0,0,0,0,0,Analysis,1
10.0.0.52,52357,10.3.0.17,2017,tcp,INT,0,0,0,0,0,0,0,-,0,0,0,0,0,0,0,0,0,0,0,0,0,0,0,0,0,0,0,0,0,0,0,0,0,0,0,0,0,0,0,0,0,Analysis,1
10.0.0.52,52358,10.3.0.17,2018,tcp,INT,0,0,0,0,0,0,0,-,0,0,0,0,0,0,0,0,0,0,0,0,0,0,0,0,0,0,0,0,0,0,0,0,0,0,0,0,0,0,0,0,0,Analysis,1
10.0.0.52,52359,10.3.0.17,2019,tcp,INT,0,0,0,0,0,0,0,-,0,0,0,0,0,0,0,0,0,0,0,0,0,0,0,0,0,0,0,0,0,0,0,0,0,0,0,0,0,0,0,0,0,Analysis,1
10.0.0.52,52360,10.3.0.18,2000,tcp,INT,0,0,0,0,0,0,0,-,0,0,0,0,0,0,0,0,0,0,0,0,0,0,0,0,0,0,0,0,0,0,0,0,0,0,0,0,0,0,0,0,0,Analysis,1
10.0.0.52,52361,10.3.0.18,2001,tcp,INT,0,0,0,0,0,0,0,-,0,0,0,0,0,0,0,0,0,0,0,0,0,0,0,0,0,0,0,0,0,0,0,0,0,0,0,0,0,0,0,0,0,Analysis,1
10.0.0.52,52362,10.3.0.18,2002,tcp,INT,0,0,0,0,0,0,0,-,0,0,0,0,0,0,0,0,0,0,0,0,0,0,0,0,0,0,0,0,0,0,0,0,0,0,0,0,0,0,0,0,0,Analysis,1
10.0.0.52,52363,10.3.0.18,2003,tcp,INT,0,0,0,0,0,0,0,-,0,0,0,0,0,0,0,0,0,0,0,0,0,0,0,0,0,0,0,0,0,0,0,0,0,0,0,0,0,0,0,0,0,Analysis,1
10.0.0.52,52364,10.3.0.18,2004,tcp,INT,0,0,0,0,0,0,0,-,0,0,0,0,0,0,0,0,0,0,0,0,0,0,0,0,0,0,0,0,0,0,0,0,0,0,0,0,0,0,0,0,0,Analysis,1
10.0.0.52,52365,10.3.0.18,2005,tcp,INT,0,0,0,0,0,0,0,-,0,0,0,0,0,0,0,0,0,0,0,0,0,0,0,0,0,0,0,0,0,0,0,0,0,0,0,0,0,0,0,0,0,Analysis,1
10.0.0.52,52366,10.3.0.18,2006,tcp,INT,0,0,0,0,0,0,0,-,0,0,0,0,0,0,0,0,0,0,0,0,0,0,0,0,0,0,0,0,0,0,0,0,0,0,0,0,0,0,0,0,0,Analysis,1
10.0.0.52,52367,10.3.0.18,2007,tcp,INT,0,0,0,0,0,0,0,-,0,0,0,0,0,0,0,0,0,0,0,0,0,0,0,0,0,0,0,0,0,0,0,0,0,0,0,0,0,0,0,0,0,Analysis,1
10.0.0.52,52368,10.3.0.18,2008,tcp,INT,0,0,0,0,0,0,0,-,0,0,0,0,0,0,0,0,0,0,0,0,0,0,0,0,0,0,0,0,0,0,0,0,0,0,0,0,0,0,0,0,0,Analysis,1
10.0.0.52,52369,10.3.0.18,2009,tcp,INT,0,0,0,0,0,0,0,-,0,0,0,0,0,0,0,0,0,0,0,0,0,0,0,0,0,0,0,0,0,0,0,0,0,0,0,0,0,0,0,0,0,Analysis,1
10.0.0.52,52370,10.3.0.18,2010,tcp,INT,0,0,0,0,0,0,0,-,0,0,0,0,0,0,0,0,0,0,0,0,0,0,0,0,0,0,0,0,0,0,0,0,0,0,0,0,0,0,0,0,0,Analysis,1
10.0.0.52,52371,10.3.0.18,2011,tcp,INT,0,0,0,0,0,0,0,-,0,0,0,0,0,0,0,0,0,0,0,0,0,0,0,0,0,0,0,0,0,0,0,0,0,0,0,0,0,0,0,0,0,Analysis,1
10.0.0.52,52372,10.3.0.18,2012,tcp,INT,0,0,0,0,0,0,0,-,0,0,0,0,0,0,0,0,0,0,0,0,0,0,0,0,0,0,0,0,0,0,0,0,0,0,0,0,0,0,0,0,0,Analysis,1
10.0.0.52,52373,10.3.0.18,2013,tcp,INT,0,0,0,0,0,0,0,-,0,0,0,0,0,0,0,0,0,0,0,0,0,0,0,0,0,0,0,0,0,0,0,0,0,0,0,0,0,0,0,0,0,Analysis,1
10.0.0.52,52374,10.3.0.18,2014,tcp,INT,0,0,0,0,0,0,0,-,0,0,0,0,0,0,0,0,0,0,0,0,0,0,0,0,0,0,0,0,0,0,0,0,0,0,0,0,0,0,0,0,0,Analysis,1
10.0.0.52,52375,10.3.0.18,2015,tcp,INT,0,0,0,0,0,0,0,-,0,0,0,0,0,0,0,0,0,0,0,0,0,0,0,0,0,0,0,0,0,0,0,0,0,0,0,0,0,0,0,0,0,Analysis,1
10.0.0.52,52376,10.3.0.18,2016,tcp,INT,0,0,0,0,0,0,0,-,0,0,0,0,0,0,0,0,0,0,0,0,0,0,0,0,0,0,0,0,0,0,0,0,0,0,0,0,0,0,0,0,0,Analysis,1
10.0.0.52,52377,10.3.0.18,2017,tcp,INT,0,0,0,0,0,0,0,-,0,0,0,0,0,0,0,0,0,0,0,0,0,0,0,0,0,0,0,0,0,0,0,0,0,0,0,0,0,0,0,0,0,Analysis,1
10.0.0.52,52378,10.3.0.18,2018,tcp,INT,0,0,0,0,0,0,0,-,0,0,0,0,0,0,0,0,0,0,0,0,0,0,0,0,0,0,0,0,0,0,0,0,0,0,0,0,0,0,0,0,0,Analysis,1
10.0.0.52,52379,10.3.0.18,2019,tcp,INT,0,0,0,0,0,0,0,-,0,0,0,0,0,0,0,0,0,0,0,0,0,0,0,0,0,0,0,0,0,0,0,0,0,0,0,0,0,0,0,0,0,Analysis,1
10.0.0.52,52380,10.3.0.19,2000,tcp,INT,0,0,0,0,0,0,0,-,0,0,0,0,0,0,0,0,0,0,0,0,0,0,0,0,0,0,0,0,0,0,0,0,0,0,0,0,0,0,0,0,0,Analysis,1
10.0.0.52,52381,10.3.0.19,2001,tcp,INT,0,0,0,0,0,0,0,-,0,0,0,0,0,0,0,0,0,0,0,0,0,0,0,0,0,0,0,0,0,0,0,0,0,0,0,0,0,0,0,0,0,Analysis,1
10.0.0.52,52382,10.3.0.19,2002,tcp,INT,0,0,0,0,0,0,0,-,0,0,0,0,0,0,0,0,0,0,0,0,0,0,0,0,0,0,0,0,0,0,0,0,0,0,0,0,0,0,0,0,0,Analysis,1
10.0.0.52,52383,10.3.0.19,2003,tcp,INT,0,0,0,0,0,0,0,-,0,0,0,0,0,0,0,0,0,0,0,0,0,0,0,0,0,0,0,0,0,0,0,0,0,0,0,0,0,0,0,0,0,Analysis,1
10.0.0.52,52384,10.3.0.19,2004,tcp,INT,0,0,0,0,0,0,0,-,0,0,0,0,0,0,0,0,0,0,0,0,0,0,0,0,0,0,0,0,0,0,0,0,0,0,0,0,0,0,0,0,0,Analysis,1
10.0.0.52,52385,10.3.0.19,2005,tcp,INT,0,0,0,0,0,0,0,-,0,0,0,0,0,0,0,0,0,0,0,0,0,0,0,0,0,0,0,0,0,0,0,0,0,0,0,0,0,0,0,0,0,Analysis,1
10.0.0.52,52386,10.3.0.19,2006,tcp,INT,0,0,0,0,0,0,0,-,0,0,0,0,0,0,0,0,0,0,0,0,0,0,0,0,0,0,0,0,0,0,0,0,0,0,0,0,0,0,0,0,0,Analysis,1
10.0.0.52,52387,10.3.0.19,2007,tcp,INT,0,0,0,0,0,0,0,-,0,0,0,0,0,0,0,0,0,0,0,0,0,0,0,0,0,0,0,0,0,0,0,0,0,0,0,0,0,0,0,0,0,Analysis,1
10.0.0.52,52388,10.3.0.19,2008,tcp,INT,0,0,0,0,0,0,0,-,0,0,0,0,0,0,0,0,0,0,0,0,0,0,0,0,0,0,0,0,0,0,0,0,0,0,0,0,0,0,0,0,0,Analysis,1
10.0.0.52,52389,10.3.0.19,2009,tcp,INT,0,0,0,0,0,0,0,-,0,0,0,0,0,0,0,0,0,0,0,0,0,0,0,0,0,0,0,0,0,0,0,0,0,0,0,0,0,0,0,0,0,Analysis,1
10.0.0.52,52390,10.3.0.19,2010,tcp,INT,0,0,0,0,0,0,0,-,0,0,0,0,0,0,0,0,0,0,0,0,0,0,0,0,0,0,0,0,0,0,0,0,0,0,0,0,0,0,0,0,0,Analysis,1
10.0.0.52,52391,10.3.0.19,2011,tcp,INT,0,0,0,0,0,0,0,-,0,0,0,0,0,0,0,0,0,0,0,0,0,0,0,0,0,0,0,0,0,0,0,0,0,0,0,0,0,0,0,0,0,Analysis,1
10.0.0.52,52392,10.3.0.19,2012,tcp,INT,0,0,0,0,0,0,0,-,0,0,0,0,0,0,0,0,0,0,0,0,0,0,0,0,0,0,0,0,0,0,0,0,0,0,0,0,0,0,0,0,0,Analysis,1
10.0.0.52,52393,10.3.0.19,2013,tcp,INT,0,0,0,0,0,0,0,-,0,0,0,0,0,0,0,0,0,0,0,0,0,0,0,0,0,0,0,0,0,0,0,0,0,0,0,0,0,0,0,0,0,Analysis,1
10.0.0.52,52394,10.3.0.19,2014,tcp,INT,0,0,0,0,0,0,0,-,0,0,0,0,0,0,0,0,0,0,0,0,0,0,0,0,0,0,0,0,0,0,0,0,0,0,0,0,0,0,0,0,0,Analysis,1
10.0.0.52,52395,10.3.0.19,2015,tcp,INT,0,0,0,0,0,0,0,-,0,0,0,0,0,0,0,0,0,0,0,0,0,0,0,0,0,0,0,0,0,0,0,0,0,0,0,0,0,0,0,0,0,Analysis,1
10.0.0.52,52396,10.3.0.19,2016,tcp,INT,0,0,0,0,0,0,0,-,0,0,0,0,0,0,0,0,0,0,0,0,0,0,0,0,0,0,0,0,0,0,0,0,0,0,0,0,0,0,0,0,0,Analysis,1
10.0.0.52,52397,10.3.0.19,2017,tcp,INT,0,0,0,0,0,0,0,-,0,0,0,0,0,0,0,0,0,0,0,0,0,0,0,0,0,0,0,0,0,0,0,0,0,0,0,0,0,0,0,0,0,Analysis,1
10.0.0.52,52398,10.3.0.19,2018,tcp,INT,0,0,0,0,0,0,0,-,0,0,0,0,0,0,0,0,0,0,0,0,0,0,0,0,0,0,0,0,0,0,0,0,0,0,0,0,0,0,0,0,0,Analysis,1
10.0.0.52,52399,10.3.0.19,2019,tcp,INT,0,0,0,0,0,0,0,-,0,0,0,0,0,0,0,0,0,0,0,0,0,0,0,0,0,0,0,0,0,0,0,0,0,0,0,0,0,0,0,0,0,Analysis,1
